Graph name,Graph adj. Mat.,List of possible colour incidence matrix in this and the following columns 
Graph no. 1,"[[0. 1. 1. 1. 1. 1. 0. 0.]
 [1. 0. 1. 1. 1. 1. 0. 0.]
 [1. 1. 0. 1. 0. 0. 1. 1.]
 [1. 1. 1. 0. 0. 0. 1. 1.]
 [1. 1. 0. 0. 0. 1. 1. 1.]
 [1. 1. 0. 0. 1. 0. 1. 1.]
 [0. 0. 1. 1. 1. 1. 0. 1.]
 [0. 0. 1. 1. 1. 1. 1. 0.]]","[[0 1 0 4]
 [1 0 0 4]
 [0 0 1 4]
 [1 1 2 1]]","[[0 1 2 2]
 [1 0 2 2]
 [2 2 0 1]
 [2 2 1 0]]","[[0 1 2 2]
 [1 0 2 2]
 [2 2 1 0]
 [2 2 0 1]]","[[1 0 2 2]
 [0 1 2 2]
 [2 2 1 0]
 [2 2 0 1]]","[[1 1 1 2]
 [1 1 2 1]
 [1 2 1 1]
 [2 1 1 1]]","[[0 1 4]
 [1 0 4]
 [2 2 1]]","[[1 0 4]
 [0 1 4]
 [2 2 1]]","[[1 2 2]
 [2 1 2]
 [1 1 3]]","[[1 4]
 [4 1]]","[[2 3]
 [3 2]]","[[3 2]
 [2 3]]"
Graph no. 2,"[[0. 1. 1. 1. 1. 1. 0. 0.]
 [1. 0. 1. 1. 1. 0. 1. 0.]
 [1. 1. 0. 1. 0. 1. 0. 1.]
 [1. 1. 1. 0. 0. 0. 1. 1.]
 [1. 1. 0. 0. 0. 1. 1. 1.]
 [1. 0. 1. 0. 1. 0. 1. 1.]
 [0. 1. 0. 1. 1. 1. 0. 1.]
 [0. 0. 1. 1. 1. 1. 1. 0.]]","[[0 1 2 2]
 [1 1 1 2]
 [2 1 1 1]
 [2 2 1 0]]","[[1 1 1 2]
 [1 1 2 1]
 [1 2 1 1]
 [2 1 1 1]]","[[1 2 2]
 [2 1 2]
 [1 1 3]]","[[2 3]
 [3 2]]","[[3 2]
 [2 3]]"
Graph no. 3,"[[0. 1. 1. 1. 1. 1. 0. 0.]
 [1. 0. 1. 1. 1. 0. 1. 0.]
 [1. 1. 0. 0. 0. 1. 1. 1.]
 [1. 1. 0. 0. 0. 1. 1. 1.]
 [1. 1. 0. 0. 0. 1. 1. 1.]
 [1. 0. 1. 1. 1. 0. 0. 1.]
 [0. 1. 1. 1. 1. 0. 0. 1.]
 [0. 0. 1. 1. 1. 1. 1. 0.]]","[[0 0 0 5]
 [0 0 0 5]
 [0 0 0 5]
 [1 1 1 2]]","[[0 0 2 3]
 [0 1 1 3]
 [1 1 0 3]
 [1 2 2 0]]","[[0 0 5]
 [0 0 5]
 [1 2 2]]","[[0 5]
 [3 2]]"
Graph no. 4,"[[0. 1. 1. 1.]
 [1. 0. 1. 1.]
 [1. 1. 0. 1.]
 [1. 1. 1. 0.]]","[[0 1 1 1]
 [1 0 1 1]
 [1 1 0 1]
 [1 1 1 0]]","[[0 1 2]
 [1 0 2]
 [1 1 1]]","[[0 3]
 [1 2]]","[[1 2]
 [2 1]]"
Graph no. 5,"[[0. 1. 1. 1. 1. 0. 0. 0. 0. 0.]
 [1. 0. 1. 1. 1. 0. 0. 0. 0. 0.]
 [1. 1. 0. 1. 1. 0. 0. 0. 0. 0.]
 [1. 1. 1. 0. 0. 1. 0. 0. 0. 0.]
 [1. 1. 1. 0. 0. 0. 1. 0. 0. 0.]
 [0. 0. 0. 1. 0. 0. 0. 1. 1. 1.]
 [0. 0. 0. 0. 1. 0. 0. 1. 1. 1.]
 [0. 0. 0. 0. 0. 1. 1. 0. 1. 1.]
 [0. 0. 0. 0. 0. 1. 1. 1. 0. 1.]
 [0. 0. 0. 0. 0. 1. 1. 1. 1. 0.]]","[[0 1 0 3]
 [1 0 3 0]
 [0 2 2 0]
 [2 0 0 2]]","[[0 1 1 2]
 [1 0 1 2]
 [1 1 0 2]
 [1 1 1 1]]","[[0 1 1 2]
 [1 1 0 2]
 [1 0 1 2]
 [1 1 1 1]]","[[0 1 3]
 [1 0 3]
 [1 1 2]]","[[0 2 2]
 [1 1 2]
 [1 2 1]]","[[1 0 3]
 [0 1 3]
 [1 1 2]]","[[0 4]
 [1 3]]","[[1 3]
 [2 2]]"
Graph no. 6,"[[0. 1. 1. 1. 1. 0. 0. 0. 0. 0.]
 [1. 0. 1. 1. 1. 0. 0. 0. 0. 0.]
 [1. 1. 0. 1. 0. 1. 0. 0. 0. 0.]
 [1. 1. 1. 0. 0. 1. 0. 0. 0. 0.]
 [1. 1. 0. 0. 0. 0. 1. 1. 0. 0.]
 [0. 0. 1. 1. 0. 0. 0. 0. 1. 1.]
 [0. 0. 0. 0. 1. 0. 0. 1. 1. 1.]
 [0. 0. 0. 0. 1. 0. 1. 0. 1. 1.]
 [0. 0. 0. 0. 0. 1. 1. 1. 0. 1.]
 [0. 0. 0. 0. 0. 1. 1. 1. 1. 0.]]","[[0 0 0 4]
 [0 0 4 0]
 [0 1 1 2]
 [1 0 2 1]]","[[0 1 1 2]
 [1 0 1 2]
 [1 1 0 2]
 [1 1 1 1]]","[[0 1 1 2]
 [1 1 2 0]
 [1 2 1 0]
 [1 0 0 3]]","[[0 1 3]
 [1 0 3]
 [1 1 2]]","[[0 2 2]
 [1 1 2]
 [1 2 1]]","[[0 2 2]
 [1 3 0]
 [1 0 3]]","[[0 4]
 [1 3]]","[[1 3]
 [2 2]]"
Graph no. 7,"[[0. 1. 1. 1. 1. 0. 0. 0. 0. 0.]
 [1. 0. 1. 1. 1. 0. 0. 0. 0. 0.]
 [1. 1. 0. 1. 0. 1. 0. 0. 0. 0.]
 [1. 1. 1. 0. 0. 0. 1. 0. 0. 0.]
 [1. 1. 0. 0. 0. 1. 0. 1. 0. 0.]
 [0. 0. 1. 0. 1. 0. 0. 0. 1. 1.]
 [0. 0. 0. 1. 0. 0. 0. 1. 1. 1.]
 [0. 0. 0. 0. 1. 0. 1. 0. 1. 1.]
 [0. 0. 0. 0. 0. 1. 1. 1. 0. 1.]
 [0. 0. 0. 0. 0. 1. 1. 1. 1. 0.]]","[[0 1 1 2]
 [1 0 1 2]
 [1 1 0 2]
 [1 1 1 1]]","[[0 1 1 2]
 [1 1 0 2]
 [1 0 1 2]
 [1 1 1 1]]","[[0 1 3]
 [1 0 3]
 [1 1 2]]","[[0 2 2]
 [1 1 2]
 [1 2 1]]","[[1 0 3]
 [0 1 3]
 [1 1 2]]","[[0 4]
 [1 3]]","[[1 3]
 [2 2]]"
Graph no. 8,"[[0. 1. 1. 1. 1. 0. 0. 0. 0. 0.]
 [1. 0. 1. 1. 1. 0. 0. 0. 0. 0.]
 [1. 1. 0. 1. 0. 1. 0. 0. 0. 0.]
 [1. 1. 1. 0. 0. 0. 1. 0. 0. 0.]
 [1. 1. 0. 0. 0. 0. 0. 1. 1. 0.]
 [0. 0. 1. 0. 0. 0. 1. 1. 0. 1.]
 [0. 0. 0. 1. 0. 1. 0. 0. 1. 1.]
 [0. 0. 0. 0. 1. 1. 0. 0. 1. 1.]
 [0. 0. 0. 0. 1. 0. 1. 1. 0. 1.]
 [0. 0. 0. 0. 0. 1. 1. 1. 1. 0.]]","[[0 1 1 2]
 [1 0 1 2]
 [1 1 0 2]
 [1 1 1 1]]","[[0 1 3]
 [1 0 3]
 [1 1 2]]","[[0 2 2]
 [1 1 2]
 [1 2 1]]","[[0 4]
 [1 3]]","[[1 3]
 [2 2]]"
Graph no. 9,"[[0. 1. 1. 1. 1. 0. 0. 0. 0. 0.]
 [1. 0. 1. 1. 1. 0. 0. 0. 0. 0.]
 [1. 1. 0. 1. 0. 1. 0. 0. 0. 0.]
 [1. 1. 1. 0. 0. 0. 1. 0. 0. 0.]
 [1. 1. 0. 0. 0. 0. 0. 1. 1. 0.]
 [0. 0. 1. 0. 0. 0. 0. 1. 1. 1.]
 [0. 0. 0. 1. 0. 0. 0. 1. 1. 1.]
 [0. 0. 0. 0. 1. 1. 1. 0. 0. 1.]
 [0. 0. 0. 0. 1. 1. 1. 0. 0. 1.]
 [0. 0. 0. 0. 0. 1. 1. 1. 1. 0.]]","[[0 4]
 [1 3]]"
Graph no. 10,"[[0. 1. 1. 1. 1. 0. 0. 0. 0. 0.]
 [1. 0. 1. 1. 1. 0. 0. 0. 0. 0.]
 [1. 1. 0. 0. 0. 1. 1. 0. 0. 0.]
 [1. 1. 0. 0. 0. 1. 1. 0. 0. 0.]
 [1. 1. 0. 0. 0. 0. 0. 1. 1. 0.]
 [0. 0. 1. 1. 0. 0. 0. 1. 0. 1.]
 [0. 0. 1. 1. 0. 0. 0. 0. 1. 1.]
 [0. 0. 0. 0. 1. 1. 0. 0. 1. 1.]
 [0. 0. 0. 0. 1. 0. 1. 1. 0. 1.]
 [0. 0. 0. 0. 0. 1. 1. 1. 1. 0.]]","[[0 4]
 [1 3]]"
Graph no. 11,"[[0. 1. 1. 1. 1. 0. 0. 0. 0. 0.]
 [1. 0. 1. 1. 1. 0. 0. 0. 0. 0.]
 [1. 1. 0. 0. 0. 1. 1. 0. 0. 0.]
 [1. 1. 0. 0. 0. 1. 0. 1. 0. 0.]
 [1. 1. 0. 0. 0. 1. 0. 0. 1. 0.]
 [0. 0. 1. 1. 1. 0. 0. 0. 0. 1.]
 [0. 0. 1. 0. 0. 0. 0. 1. 1. 1.]
 [0. 0. 0. 1. 0. 0. 1. 0. 1. 1.]
 [0. 0. 0. 0. 1. 0. 1. 1. 0. 1.]
 [0. 0. 0. 0. 0. 1. 1. 1. 1. 0.]]","[[0 4]
 [1 3]]"
Graph no. 12,"[[0. 1. 1. 1. 1. 0. 0. 0. 0. 0.]
 [1. 0. 1. 1. 1. 0. 0. 0. 0. 0.]
 [1. 1. 0. 0. 0. 1. 1. 0. 0. 0.]
 [1. 1. 0. 0. 0. 1. 0. 1. 0. 0.]
 [1. 1. 0. 0. 0. 0. 1. 1. 0. 0.]
 [0. 0. 1. 1. 0. 0. 0. 0. 1. 1.]
 [0. 0. 1. 0. 1. 0. 0. 0. 1. 1.]
 [0. 0. 0. 1. 1. 0. 0. 0. 1. 1.]
 [0. 0. 0. 0. 0. 1. 1. 1. 0. 1.]
 [0. 0. 0. 0. 0. 1. 1. 1. 1. 0.]]","[[0 1 1 2]
 [1 0 1 2]
 [1 1 0 2]
 [1 1 1 1]]","[[0 1 1 2]
 [1 1 0 2]
 [1 0 1 2]
 [1 1 1 1]]","[[1 0 0 3]
 [0 1 3 0]
 [0 2 0 2]
 [2 0 2 0]]","[[0 1 3]
 [1 0 3]
 [1 1 2]]","[[0 2 2]
 [1 1 2]
 [1 2 1]]","[[1 0 3]
 [0 1 3]
 [1 1 2]]","[[0 4]
 [1 3]]","[[1 3]
 [2 2]]"
Graph no. 13,"[[0. 1. 1. 1. 1. 0. 0. 0. 0. 0.]
 [1. 0. 1. 1. 1. 0. 0. 0. 0. 0.]
 [1. 1. 0. 0. 0. 1. 1. 0. 0. 0.]
 [1. 1. 0. 0. 0. 1. 0. 1. 0. 0.]
 [1. 1. 0. 0. 0. 0. 1. 0. 1. 0.]
 [0. 0. 1. 1. 0. 0. 0. 1. 0. 1.]
 [0. 0. 1. 0. 1. 0. 0. 0. 1. 1.]
 [0. 0. 0. 1. 0. 1. 0. 0. 1. 1.]
 [0. 0. 0. 0. 1. 0. 1. 1. 0. 1.]
 [0. 0. 0. 0. 0. 1. 1. 1. 1. 0.]]","[[0 1 1 2]
 [1 0 1 2]
 [1 1 0 2]
 [1 1 1 1]]","[[0 1 3]
 [1 0 3]
 [1 1 2]]","[[0 2 2]
 [1 1 2]
 [1 2 1]]","[[0 4]
 [1 3]]","[[1 3]
 [2 2]]"
Graph no. 14,"[[0. 1. 1. 1. 1. 0. 0. 0. 0. 0.]
 [1. 0. 1. 1. 1. 0. 0. 0. 0. 0.]
 [1. 1. 0. 0. 0. 1. 1. 0. 0. 0.]
 [1. 1. 0. 0. 0. 1. 0. 1. 0. 0.]
 [1. 1. 0. 0. 0. 0. 1. 0. 1. 0.]
 [0. 0. 1. 1. 0. 0. 0. 0. 1. 1.]
 [0. 0. 1. 0. 1. 0. 0. 1. 0. 1.]
 [0. 0. 0. 1. 0. 0. 1. 0. 1. 1.]
 [0. 0. 0. 0. 1. 1. 0. 1. 0. 1.]
 [0. 0. 0. 0. 0. 1. 1. 1. 1. 0.]]","[[0 1 1 2]
 [1 1 0 2]
 [1 0 1 2]
 [1 1 1 1]]","[[0 2 2]
 [1 1 2]
 [1 2 1]]","[[1 0 3]
 [0 1 3]
 [1 1 2]]","[[0 4]
 [1 3]]","[[1 3]
 [2 2]]"
Graph no. 15,"[[0. 1. 1. 1. 1. 0. 0. 0. 0. 0.]
 [1. 0. 1. 1. 1. 0. 0. 0. 0. 0.]
 [1. 1. 0. 0. 0. 1. 1. 0. 0. 0.]
 [1. 1. 0. 0. 0. 1. 0. 1. 0. 0.]
 [1. 1. 0. 0. 0. 0. 0. 0. 1. 1.]
 [0. 0. 1. 1. 0. 0. 1. 1. 0. 0.]
 [0. 0. 1. 0. 0. 1. 0. 0. 1. 1.]
 [0. 0. 0. 1. 0. 1. 0. 0. 1. 1.]
 [0. 0. 0. 0. 1. 0. 1. 1. 0. 1.]
 [0. 0. 0. 0. 1. 0. 1. 1. 1. 0.]]","[[0 0 0 4]
 [0 0 4 0]
 [0 1 1 2]
 [1 0 2 1]]","[[0 2 2]
 [1 1 2]
 [1 2 1]]","[[0 4]
 [1 3]]","[[1 3]
 [2 2]]"
Graph no. 16,"[[0. 1. 1. 1. 1. 0. 0. 0. 0. 0.]
 [1. 0. 1. 1. 1. 0. 0. 0. 0. 0.]
 [1. 1. 0. 0. 0. 1. 1. 0. 0. 0.]
 [1. 1. 0. 0. 0. 1. 0. 1. 0. 0.]
 [1. 1. 0. 0. 0. 0. 0. 0. 1. 1.]
 [0. 0. 1. 1. 0. 0. 1. 0. 1. 0.]
 [0. 0. 1. 0. 0. 1. 0. 1. 0. 1.]
 [0. 0. 0. 1. 0. 0. 1. 0. 1. 1.]
 [0. 0. 0. 0. 1. 1. 0. 1. 0. 1.]
 [0. 0. 0. 0. 1. 0. 1. 1. 1. 0.]]","[[1 3]
 [2 2]]"
Graph no. 17,"[[0. 1. 1. 1. 1. 0. 0. 0. 0. 0.]
 [1. 0. 1. 1. 1. 0. 0. 0. 0. 0.]
 [1. 1. 0. 0. 0. 1. 1. 0. 0. 0.]
 [1. 1. 0. 0. 0. 1. 0. 1. 0. 0.]
 [1. 1. 0. 0. 0. 0. 0. 0. 1. 1.]
 [0. 0. 1. 1. 0. 0. 0. 0. 1. 1.]
 [0. 0. 1. 0. 0. 0. 0. 1. 1. 1.]
 [0. 0. 0. 1. 0. 0. 1. 0. 1. 1.]
 [0. 0. 0. 0. 1. 1. 1. 1. 0. 0.]
 [0. 0. 0. 0. 1. 1. 1. 1. 0. 0.]]"
Graph no. 18,"[[0. 1. 1. 1. 1. 0. 0. 0. 0. 0.]
 [1. 0. 1. 1. 0. 1. 0. 0. 0. 0.]
 [1. 1. 0. 1. 0. 0. 1. 0. 0. 0.]
 [1. 1. 1. 0. 0. 0. 0. 1. 0. 0.]
 [1. 0. 0. 0. 0. 1. 1. 0. 1. 0.]
 [0. 1. 0. 0. 1. 0. 0. 1. 0. 1.]
 [0. 0. 1. 0. 1. 0. 0. 0. 1. 1.]
 [0. 0. 0. 1. 0. 1. 0. 0. 1. 1.]
 [0. 0. 0. 0. 1. 0. 1. 1. 0. 1.]
 [0. 0. 0. 0. 0. 1. 1. 1. 1. 0.]]","[[0 1 3]
 [1 0 3]
 [1 1 2]]","[[0 4]
 [1 3]]","[[1 3]
 [2 2]]","[[2 2]
 [2 2]]"
Graph no. 19,"[[0. 1. 1. 1. 1. 0. 0. 0. 0. 0.]
 [1. 0. 1. 1. 0. 1. 0. 0. 0. 0.]
 [1. 1. 0. 1. 0. 0. 1. 0. 0. 0.]
 [1. 1. 1. 0. 0. 0. 0. 1. 0. 0.]
 [1. 0. 0. 0. 0. 1. 0. 0. 1. 1.]
 [0. 1. 0. 0. 1. 0. 0. 0. 1. 1.]
 [0. 0. 1. 0. 0. 0. 0. 1. 1. 1.]
 [0. 0. 0. 1. 0. 0. 1. 0. 1. 1.]
 [0. 0. 0. 0. 1. 1. 1. 1. 0. 0.]
 [0. 0. 0. 0. 1. 1. 1. 1. 0. 0.]]","[[0 0 0 4]
 [0 0 0 4]
 [0 0 3 1]
 [1 1 1 1]]","[[0 0 4]
 [0 3 1]
 [2 1 1]]","[[2 2]
 [2 2]]"
Graph no. 20,"[[0. 1. 1. 1. 1. 0. 0. 0. 0. 0.]
 [1. 0. 1. 1. 0. 1. 0. 0. 0. 0.]
 [1. 1. 0. 0. 1. 1. 0. 0. 0. 0.]
 [1. 1. 0. 0. 0. 0. 1. 1. 0. 0.]
 [1. 0. 1. 0. 0. 0. 1. 0. 1. 0.]
 [0. 1. 1. 0. 0. 0. 0. 1. 0. 1.]
 [0. 0. 0. 1. 1. 0. 0. 0. 1. 1.]
 [0. 0. 0. 1. 0. 1. 0. 0. 1. 1.]
 [0. 0. 0. 0. 1. 0. 1. 1. 0. 1.]
 [0. 0. 0. 0. 0. 1. 1. 1. 1. 0.]]","[[0 1 3]
 [1 0 3]
 [1 1 2]]","[[0 4]
 [1 3]]","[[1 3]
 [2 2]]"
Graph no. 21,"[[0. 1. 1. 1. 1. 0. 0. 0. 0. 0.]
 [1. 0. 1. 1. 0. 1. 0. 0. 0. 0.]
 [1. 1. 0. 0. 1. 0. 1. 0. 0. 0.]
 [1. 1. 0. 0. 1. 0. 0. 1. 0. 0.]
 [1. 0. 1. 1. 0. 0. 0. 0. 1. 0.]
 [0. 1. 0. 0. 0. 0. 1. 1. 0. 1.]
 [0. 0. 1. 0. 0. 1. 0. 0. 1. 1.]
 [0. 0. 0. 1. 0. 1. 0. 0. 1. 1.]
 [0. 0. 0. 0. 1. 0. 1. 1. 0. 1.]
 [0. 0. 0. 0. 0. 1. 1. 1. 1. 0.]]","[[0 0 0 4]
 [0 0 4 0]
 [0 1 2 1]
 [1 0 1 2]]","[[0 1 1 2]
 [1 0 1 2]
 [1 1 0 2]
 [1 1 1 1]]","[[0 1 1 2]
 [1 1 0 2]
 [1 0 1 2]
 [1 1 1 1]]","[[0 1 3]
 [1 0 3]
 [1 1 2]]","[[0 2 2]
 [1 0 3]
 [1 3 0]]","[[0 2 2]
 [1 1 2]
 [1 2 1]]","[[0 2 2]
 [1 2 1]
 [1 1 2]]","[[1 0 3]
 [0 1 3]
 [1 1 2]]","[[0 4]
 [1 3]]","[[1 3]
 [2 2]]"
Graph no. 22,"[[0. 1. 1. 1. 1. 0. 0. 0. 0. 0.]
 [1. 0. 1. 1. 0. 1. 0. 0. 0. 0.]
 [1. 1. 0. 0. 1. 0. 1. 0. 0. 0.]
 [1. 1. 0. 0. 1. 0. 0. 1. 0. 0.]
 [1. 0. 1. 1. 0. 0. 0. 0. 1. 0.]
 [0. 1. 0. 0. 0. 0. 1. 0. 1. 1.]
 [0. 0. 1. 0. 0. 1. 0. 1. 0. 1.]
 [0. 0. 0. 1. 0. 0. 1. 0. 1. 1.]
 [0. 0. 0. 0. 1. 1. 0. 1. 0. 1.]
 [0. 0. 0. 0. 0. 1. 1. 1. 1. 0.]]","[[0 0 0 4]
 [0 0 4 0]
 [0 1 2 1]
 [1 0 1 2]]","[[0 2 2]
 [1 1 2]
 [1 2 1]]","[[0 2 2]
 [1 2 1]
 [1 1 2]]","[[0 4]
 [1 3]]","[[1 3]
 [2 2]]"
Graph no. 23,"[[0. 1. 1. 1. 1. 0. 0. 0. 0. 0.]
 [1. 0. 1. 1. 0. 1. 0. 0. 0. 0.]
 [1. 1. 0. 0. 1. 0. 1. 0. 0. 0.]
 [1. 1. 0. 0. 0. 1. 0. 1. 0. 0.]
 [1. 0. 1. 0. 0. 0. 1. 0. 1. 0.]
 [0. 1. 0. 1. 0. 0. 0. 1. 0. 1.]
 [0. 0. 1. 0. 1. 0. 0. 0. 1. 1.]
 [0. 0. 0. 1. 0. 1. 0. 0. 1. 1.]
 [0. 0. 0. 0. 1. 0. 1. 1. 0. 1.]
 [0. 0. 0. 0. 0. 1. 1. 1. 1. 0.]]","[[0 1 1 2]
 [1 0 1 2]
 [1 1 0 2]
 [1 1 1 1]]","[[0 1 3]
 [1 0 3]
 [1 1 2]]","[[0 2 2]
 [1 1 2]
 [1 2 1]]","[[0 4]
 [1 3]]","[[1 3]
 [2 2]]","[[2 2]
 [2 2]]"
Graph no. 24,"[[0. 1. 1. 1. 1. 0. 0. 0. 0. 0.]
 [1. 0. 1. 1. 0. 1. 0. 0. 0. 0.]
 [1. 1. 0. 0. 1. 0. 1. 0. 0. 0.]
 [1. 1. 0. 0. 0. 1. 0. 1. 0. 0.]
 [1. 0. 1. 0. 0. 0. 1. 0. 1. 0.]
 [0. 1. 0. 1. 0. 0. 0. 0. 1. 1.]
 [0. 0. 1. 0. 1. 0. 0. 1. 0. 1.]
 [0. 0. 0. 1. 0. 0. 1. 0. 1. 1.]
 [0. 0. 0. 0. 1. 1. 0. 1. 0. 1.]
 [0. 0. 0. 0. 0. 1. 1. 1. 1. 0.]]","[[0 2 2]
 [1 1 2]
 [1 2 1]]","[[0 4]
 [1 3]]","[[1 3]
 [2 2]]","[[2 2]
 [2 2]]"
Graph no. 25,"[[0. 1. 1. 1. 1. 0. 0. 0. 0. 0.]
 [1. 0. 1. 1. 0. 1. 0. 0. 0. 0.]
 [1. 1. 0. 0. 1. 0. 1. 0. 0. 0.]
 [1. 1. 0. 0. 0. 1. 0. 1. 0. 0.]
 [1. 0. 1. 0. 0. 0. 0. 1. 1. 0.]
 [0. 1. 0. 1. 0. 0. 1. 0. 0. 1.]
 [0. 0. 1. 0. 0. 1. 0. 0. 1. 1.]
 [0. 0. 0. 1. 1. 0. 0. 0. 1. 1.]
 [0. 0. 0. 0. 1. 0. 1. 1. 0. 1.]
 [0. 0. 0. 0. 0. 1. 1. 1. 1. 0.]]","[[0 0 0 4]
 [0 0 4 0]
 [0 1 1 2]
 [1 0 2 1]]","[[0 1 1 2]
 [1 0 1 2]
 [1 1 0 2]
 [1 1 1 1]]","[[0 1 1 2]
 [1 1 0 2]
 [1 0 1 2]
 [1 1 1 1]]","[[0 1 3]
 [1 0 3]
 [1 1 2]]","[[0 2 2]
 [1 1 2]
 [1 2 1]]","[[1 0 3]
 [0 1 3]
 [1 1 2]]","[[0 4]
 [1 3]]","[[1 3]
 [2 2]]"
Graph no. 26,"[[0. 1. 1. 1. 1. 0. 0. 0. 0. 0.]
 [1. 0. 1. 1. 0. 1. 0. 0. 0. 0.]
 [1. 1. 0. 0. 1. 0. 1. 0. 0. 0.]
 [1. 1. 0. 0. 0. 1. 0. 1. 0. 0.]
 [1. 0. 1. 0. 0. 0. 0. 1. 1. 0.]
 [0. 1. 0. 1. 0. 0. 0. 0. 1. 1.]
 [0. 0. 1. 0. 0. 0. 0. 1. 1. 1.]
 [0. 0. 0. 1. 1. 0. 1. 0. 0. 1.]
 [0. 0. 0. 0. 1. 1. 1. 0. 0. 1.]
 [0. 0. 0. 0. 0. 1. 1. 1. 1. 0.]]","[[0 4]
 [1 3]]","[[1 3]
 [2 2]]"
Graph no. 27,"[[0. 1. 1. 1. 1. 0. 0. 0. 0. 0.]
 [1. 0. 1. 1. 0. 1. 0. 0. 0. 0.]
 [1. 1. 0. 0. 1. 0. 1. 0. 0. 0.]
 [1. 1. 0. 0. 0. 1. 0. 1. 0. 0.]
 [1. 0. 1. 0. 0. 0. 0. 0. 1. 1.]
 [0. 1. 0. 1. 0. 0. 0. 0. 1. 1.]
 [0. 0. 1. 0. 0. 0. 0. 1. 1. 1.]
 [0. 0. 0. 1. 0. 0. 1. 0. 1. 1.]
 [0. 0. 0. 0. 1. 1. 1. 1. 0. 0.]
 [0. 0. 0. 0. 1. 1. 1. 1. 0. 0.]]","[[2 2]
 [2 2]]"
Graph no. 28,"[[0. 1. 1. 1. 1. 0. 0. 0. 0. 0.]
 [1. 0. 1. 1. 0. 1. 0. 0. 0. 0.]
 [1. 1. 0. 0. 1. 0. 1. 0. 0. 0.]
 [1. 1. 0. 0. 0. 0. 1. 1. 0. 0.]
 [1. 0. 1. 0. 0. 1. 0. 0. 1. 0.]
 [0. 1. 0. 0. 1. 0. 0. 1. 0. 1.]
 [0. 0. 1. 1. 0. 0. 0. 0. 1. 1.]
 [0. 0. 0. 1. 0. 1. 0. 0. 1. 1.]
 [0. 0. 0. 0. 1. 0. 1. 1. 0. 1.]
 [0. 0. 0. 0. 0. 1. 1. 1. 1. 0.]]","[[0 1 1 2]
 [1 0 1 2]
 [1 1 0 2]
 [1 1 1 1]]","[[0 1 1 2]
 [1 1 0 2]
 [1 0 1 2]
 [1 1 1 1]]","[[0 1 3]
 [1 0 3]
 [1 1 2]]","[[0 2 2]
 [1 0 3]
 [1 3 0]]","[[0 2 2]
 [1 1 2]
 [1 2 1]]","[[0 2 2]
 [1 2 1]
 [1 1 2]]","[[1 0 3]
 [0 1 3]
 [1 1 2]]","[[0 4]
 [1 3]]","[[1 3]
 [2 2]]","[[2 2]
 [2 2]]"
Graph no. 29,"[[0. 1. 1. 1. 1. 0. 0. 0. 0. 0.]
 [1. 0. 1. 1. 0. 1. 0. 0. 0. 0.]
 [1. 1. 0. 0. 1. 0. 1. 0. 0. 0.]
 [1. 1. 0. 0. 0. 0. 1. 1. 0. 0.]
 [1. 0. 1. 0. 0. 0. 0. 1. 1. 0.]
 [0. 1. 0. 0. 0. 0. 0. 1. 1. 1.]
 [0. 0. 1. 1. 0. 0. 0. 0. 1. 1.]
 [0. 0. 0. 1. 1. 1. 0. 0. 0. 1.]
 [0. 0. 0. 0. 1. 1. 1. 0. 0. 1.]
 [0. 0. 0. 0. 0. 1. 1. 1. 1. 0.]]","[[0 2 2]
 [1 2 1]
 [1 1 2]]","[[0 4]
 [1 3]]"
Graph no. 30,"[[0. 1. 1. 1. 1. 0. 0. 0. 0. 0.]
 [1. 0. 1. 1. 0. 1. 0. 0. 0. 0.]
 [1. 1. 0. 0. 1. 0. 1. 0. 0. 0.]
 [1. 1. 0. 0. 0. 0. 1. 1. 0. 0.]
 [1. 0. 1. 0. 0. 0. 0. 0. 1. 1.]
 [0. 1. 0. 0. 0. 0. 1. 1. 1. 0.]
 [0. 0. 1. 1. 0. 1. 0. 0. 0. 1.]
 [0. 0. 0. 1. 0. 1. 0. 0. 1. 1.]
 [0. 0. 0. 0. 1. 1. 0. 1. 0. 1.]
 [0. 0. 0. 0. 1. 0. 1. 1. 1. 0.]]","[[0 1 3]
 [1 0 3]
 [1 1 2]]","[[0 4]
 [1 3]]","[[1 3]
 [2 2]]"
Graph no. 31,"[[0. 1. 1. 1. 1. 0. 0. 0. 0. 0.]
 [1. 0. 1. 1. 0. 1. 0. 0. 0. 0.]
 [1. 1. 0. 0. 1. 0. 1. 0. 0. 0.]
 [1. 1. 0. 0. 0. 0. 1. 1. 0. 0.]
 [1. 0. 1. 0. 0. 0. 0. 0. 1. 1.]
 [0. 1. 0. 0. 0. 0. 0. 1. 1. 1.]
 [0. 0. 1. 1. 0. 0. 0. 1. 1. 0.]
 [0. 0. 0. 1. 0. 1. 1. 0. 0. 1.]
 [0. 0. 0. 0. 1. 1. 1. 0. 0. 1.]
 [0. 0. 0. 0. 1. 1. 0. 1. 1. 0.]]","[[2 2]
 [2 2]]"
Graph no. 32,"[[0. 1. 1. 1. 1. 0. 0. 0. 0. 0.]
 [1. 0. 1. 1. 0. 1. 0. 0. 0. 0.]
 [1. 1. 0. 0. 1. 0. 1. 0. 0. 0.]
 [1. 1. 0. 0. 0. 0. 1. 1. 0. 0.]
 [1. 0. 1. 0. 0. 0. 0. 0. 1. 1.]
 [0. 1. 0. 0. 0. 0. 0. 1. 1. 1.]
 [0. 0. 1. 1. 0. 0. 0. 0. 1. 1.]
 [0. 0. 0. 1. 0. 1. 0. 0. 1. 1.]
 [0. 0. 0. 0. 1. 1. 1. 1. 0. 0.]
 [0. 0. 0. 0. 1. 1. 1. 1. 0. 0.]]","[[0 4]
 [1 3]]","[[2 2]
 [2 2]]"
Graph no. 33,"[[0. 1. 1. 1. 1. 0. 0. 0. 0. 0.]
 [1. 0. 1. 1. 0. 1. 0. 0. 0. 0.]
 [1. 1. 0. 0. 1. 0. 1. 0. 0. 0.]
 [1. 1. 0. 0. 0. 0. 0. 1. 1. 0.]
 [1. 0. 1. 0. 0. 0. 0. 1. 1. 0.]
 [0. 1. 0. 0. 0. 0. 1. 1. 0. 1.]
 [0. 0. 1. 0. 0. 1. 0. 0. 1. 1.]
 [0. 0. 0. 1. 1. 1. 0. 0. 0. 1.]
 [0. 0. 0. 1. 1. 0. 1. 0. 0. 1.]
 [0. 0. 0. 0. 0. 1. 1. 1. 1. 0.]]","[[0 1 1 2]
 [1 1 0 2]
 [1 0 1 2]
 [1 1 1 1]]","[[0 2 2]
 [1 1 2]
 [1 2 1]]","[[0 2 2]
 [1 2 1]
 [1 1 2]]","[[1 0 3]
 [0 1 3]
 [1 1 2]]","[[0 4]
 [1 3]]","[[1 3]
 [2 2]]"
Graph no. 34,"[[0. 1. 1. 1. 1. 0. 0. 0. 0. 0.]
 [1. 0. 1. 1. 0. 1. 0. 0. 0. 0.]
 [1. 1. 0. 0. 1. 0. 1. 0. 0. 0.]
 [1. 1. 0. 0. 0. 0. 0. 1. 1. 0.]
 [1. 0. 1. 0. 0. 0. 0. 1. 0. 1.]
 [0. 1. 0. 0. 0. 0. 1. 1. 1. 0.]
 [0. 0. 1. 0. 0. 1. 0. 0. 1. 1.]
 [0. 0. 0. 1. 1. 1. 0. 0. 0. 1.]
 [0. 0. 0. 1. 0. 1. 1. 0. 0. 1.]
 [0. 0. 0. 0. 1. 0. 1. 1. 1. 0.]]","[[0 1 1 2]
 [1 1 0 2]
 [1 0 1 2]
 [1 1 1 1]]","[[0 2 2]
 [1 1 2]
 [1 2 1]]","[[1 0 3]
 [0 1 3]
 [1 1 2]]","[[0 4]
 [1 3]]","[[1 3]
 [2 2]]"
Graph no. 35,"[[0. 1. 1. 1. 1. 0. 0. 0. 0. 0.]
 [1. 0. 1. 1. 0. 1. 0. 0. 0. 0.]
 [1. 1. 0. 0. 1. 0. 1. 0. 0. 0.]
 [1. 1. 0. 0. 0. 0. 0. 1. 1. 0.]
 [1. 0. 1. 0. 0. 0. 0. 1. 0. 1.]
 [0. 1. 0. 0. 0. 0. 1. 1. 0. 1.]
 [0. 0. 1. 0. 0. 1. 0. 0. 1. 1.]
 [0. 0. 0. 1. 1. 1. 0. 0. 1. 0.]
 [0. 0. 0. 1. 0. 0. 1. 1. 0. 1.]
 [0. 0. 0. 0. 1. 1. 1. 0. 1. 0.]]"
Graph no. 36,"[[0. 1. 1. 1. 1. 0. 0. 0. 0. 0.]
 [1. 0. 1. 1. 0. 1. 0. 0. 0. 0.]
 [1. 1. 0. 0. 1. 0. 1. 0. 0. 0.]
 [1. 1. 0. 0. 0. 0. 0. 1. 1. 0.]
 [1. 0. 1. 0. 0. 0. 0. 1. 0. 1.]
 [0. 1. 0. 0. 0. 0. 1. 0. 1. 1.]
 [0. 0. 1. 0. 0. 1. 0. 0. 1. 1.]
 [0. 0. 0. 1. 1. 0. 0. 0. 1. 1.]
 [0. 0. 0. 1. 0. 1. 1. 1. 0. 0.]
 [0. 0. 0. 0. 1. 1. 1. 1. 0. 0.]]","[[1 3]
 [2 2]]"
Graph no. 37,"[[0. 1. 1. 1. 1. 0. 0. 0. 0. 0.]
 [1. 0. 1. 1. 0. 1. 0. 0. 0. 0.]
 [1. 1. 0. 0. 1. 0. 1. 0. 0. 0.]
 [1. 1. 0. 0. 0. 0. 0. 1. 1. 0.]
 [1. 0. 1. 0. 0. 0. 0. 1. 0. 1.]
 [0. 1. 0. 0. 0. 0. 0. 1. 1. 1.]
 [0. 0. 1. 0. 0. 0. 0. 1. 1. 1.]
 [0. 0. 0. 1. 1. 1. 1. 0. 0. 0.]
 [0. 0. 0. 1. 0. 1. 1. 0. 0. 1.]
 [0. 0. 0. 0. 1. 1. 1. 0. 1. 0.]]","[[2 2]
 [2 2]]"
Graph no. 38,"[[0. 1. 1. 1. 1. 0. 0. 0. 0. 0.]
 [1. 0. 1. 1. 0. 1. 0. 0. 0. 0.]
 [1. 1. 0. 0. 0. 0. 1. 1. 0. 0.]
 [1. 1. 0. 0. 0. 0. 1. 1. 0. 0.]
 [1. 0. 0. 0. 0. 1. 0. 0. 1. 1.]
 [0. 1. 0. 0. 1. 0. 0. 0. 1. 1.]
 [0. 0. 1. 1. 0. 0. 0. 0. 1. 1.]
 [0. 0. 1. 1. 0. 0. 0. 0. 1. 1.]
 [0. 0. 0. 0. 1. 1. 1. 1. 0. 0.]
 [0. 0. 0. 0. 1. 1. 1. 1. 0. 0.]]","[[0 0 0 4]
 [0 0 0 4]
 [0 0 2 2]
 [1 1 2 0]]","[[0 0 0 4]
 [0 0 2 2]
 [0 2 0 2]
 [2 1 1 0]]","[[0 0 0 4]
 [0 1 1 2]
 [0 1 1 2]
 [2 1 1 0]]","[[0 0 2 2]
 [0 0 2 2]
 [2 2 0 0]
 [1 1 0 2]]","[[0 0 4]
 [0 2 2]
 [2 2 0]]","[[2 2]
 [2 2]]"
Graph no. 39,"[[0. 1. 1. 1. 1. 0. 0. 0. 0. 0.]
 [1. 0. 1. 1. 0. 1. 0. 0. 0. 0.]
 [1. 1. 0. 0. 0. 0. 1. 1. 0. 0.]
 [1. 1. 0. 0. 0. 0. 1. 0. 1. 0.]
 [1. 0. 0. 0. 0. 1. 1. 1. 0. 0.]
 [0. 1. 0. 0. 1. 0. 0. 0. 1. 1.]
 [0. 0. 1. 1. 1. 0. 0. 0. 0. 1.]
 [0. 0. 1. 0. 1. 0. 0. 0. 1. 1.]
 [0. 0. 0. 1. 0. 1. 0. 1. 0. 1.]
 [0. 0. 0. 0. 0. 1. 1. 1. 1. 0.]]","[[0 2 2]
 [1 2 1]
 [1 1 2]]","[[0 4]
 [1 3]]","[[2 2]
 [2 2]]"
Graph no. 40,"[[0. 1. 1. 1. 1. 0. 0. 0. 0. 0.]
 [1. 0. 1. 1. 0. 1. 0. 0. 0. 0.]
 [1. 1. 0. 0. 0. 0. 1. 1. 0. 0.]
 [1. 1. 0. 0. 0. 0. 1. 0. 1. 0.]
 [1. 0. 0. 0. 0. 1. 1. 0. 0. 1.]
 [0. 1. 0. 0. 1. 0. 0. 1. 1. 0.]
 [0. 0. 1. 1. 1. 0. 0. 0. 0. 1.]
 [0. 0. 1. 0. 0. 1. 0. 0. 1. 1.]
 [0. 0. 0. 1. 0. 1. 0. 1. 0. 1.]
 [0. 0. 0. 0. 1. 0. 1. 1. 1. 0.]]","[[0 4]
 [1 3]]"
Graph no. 41,"[[0. 1. 1. 1. 1. 0. 0. 0. 0. 0.]
 [1. 0. 1. 1. 0. 1. 0. 0. 0. 0.]
 [1. 1. 0. 0. 0. 0. 1. 1. 0. 0.]
 [1. 1. 0. 0. 0. 0. 1. 0. 1. 0.]
 [1. 0. 0. 0. 0. 1. 0. 1. 1. 0.]
 [0. 1. 0. 0. 1. 0. 0. 1. 0. 1.]
 [0. 0. 1. 1. 0. 0. 0. 0. 1. 1.]
 [0. 0. 1. 0. 1. 1. 0. 0. 0. 1.]
 [0. 0. 0. 1. 1. 0. 1. 0. 0. 1.]
 [0. 0. 0. 0. 0. 1. 1. 1. 1. 0.]]","[[0 1 3]
 [1 0 3]
 [1 1 2]]","[[0 4]
 [1 3]]","[[1 3]
 [2 2]]"
Graph no. 42,"[[0. 1. 1. 1. 1. 0. 0. 0. 0. 0.]
 [1. 0. 1. 1. 0. 1. 0. 0. 0. 0.]
 [1. 1. 0. 0. 0. 0. 1. 1. 0. 0.]
 [1. 1. 0. 0. 0. 0. 1. 0. 1. 0.]
 [1. 0. 0. 0. 0. 1. 0. 1. 0. 1.]
 [0. 1. 0. 0. 1. 0. 0. 1. 0. 1.]
 [0. 0. 1. 1. 0. 0. 0. 0. 1. 1.]
 [0. 0. 1. 0. 1. 1. 0. 0. 1. 0.]
 [0. 0. 0. 1. 0. 0. 1. 1. 0. 1.]
 [0. 0. 0. 0. 1. 1. 1. 0. 1. 0.]]","[[0 0 2 2]
 [0 1 1 2]
 [2 1 1 0]
 [1 1 0 2]]","[[2 2]
 [2 2]]"
Graph no. 43,"[[0. 1. 1. 1. 1. 0. 0. 0. 0. 0.]
 [1. 0. 1. 1. 0. 1. 0. 0. 0. 0.]
 [1. 1. 0. 0. 0. 0. 1. 1. 0. 0.]
 [1. 1. 0. 0. 0. 0. 1. 0. 1. 0.]
 [1. 0. 0. 0. 0. 1. 0. 1. 0. 1.]
 [0. 1. 0. 0. 1. 0. 0. 0. 1. 1.]
 [0. 0. 1. 1. 0. 0. 0. 1. 0. 1.]
 [0. 0. 1. 0. 1. 0. 1. 0. 1. 0.]
 [0. 0. 0. 1. 0. 1. 0. 1. 0. 1.]
 [0. 0. 0. 0. 1. 1. 1. 0. 1. 0.]]","[[1 3]
 [2 2]]","[[2 2]
 [2 2]]"
Graph no. 44,"[[0. 1. 1. 1. 1. 0. 0. 0. 0. 0.]
 [1. 0. 1. 1. 0. 1. 0. 0. 0. 0.]
 [1. 1. 0. 0. 0. 0. 1. 1. 0. 0.]
 [1. 1. 0. 0. 0. 0. 1. 0. 1. 0.]
 [1. 0. 0. 0. 0. 0. 1. 1. 1. 0.]
 [0. 1. 0. 0. 0. 0. 0. 1. 1. 1.]
 [0. 0. 1. 1. 1. 0. 0. 0. 0. 1.]
 [0. 0. 1. 0. 1. 1. 0. 0. 0. 1.]
 [0. 0. 0. 1. 1. 1. 0. 0. 0. 1.]
 [0. 0. 0. 0. 0. 1. 1. 1. 1. 0.]]","[[0 1 1 2]
 [1 0 1 2]
 [1 1 0 2]
 [1 1 1 1]]","[[0 1 1 2]
 [1 1 0 2]
 [1 0 1 2]
 [1 1 1 1]]","[[0 1 3]
 [1 0 3]
 [1 1 2]]","[[0 2 2]
 [1 1 2]
 [1 2 1]]","[[0 2 2]
 [1 2 1]
 [1 1 2]]","[[1 0 3]
 [0 1 3]
 [1 1 2]]","[[0 4]
 [1 3]]","[[1 3]
 [2 2]]"
Graph no. 45,"[[0. 1. 1. 1. 1. 0. 0. 0. 0. 0.]
 [1. 0. 1. 1. 0. 1. 0. 0. 0. 0.]
 [1. 1. 0. 0. 0. 0. 1. 1. 0. 0.]
 [1. 1. 0. 0. 0. 0. 0. 0. 1. 1.]
 [1. 0. 0. 0. 0. 1. 1. 1. 0. 0.]
 [0. 1. 0. 0. 1. 0. 1. 0. 1. 0.]
 [0. 0. 1. 0. 1. 1. 0. 0. 0. 1.]
 [0. 0. 1. 0. 1. 0. 0. 0. 1. 1.]
 [0. 0. 0. 1. 0. 1. 0. 1. 0. 1.]
 [0. 0. 0. 1. 0. 0. 1. 1. 1. 0.]]","[[2 2]
 [2 2]]"
Graph no. 46,"[[0. 1. 1. 1. 1. 0. 0. 0. 0. 0.]
 [1. 0. 1. 1. 0. 1. 0. 0. 0. 0.]
 [1. 1. 0. 0. 0. 0. 1. 1. 0. 0.]
 [1. 1. 0. 0. 0. 0. 0. 0. 1. 1.]
 [1. 0. 0. 0. 0. 1. 1. 1. 0. 0.]
 [0. 1. 0. 0. 1. 0. 0. 0. 1. 1.]
 [0. 0. 1. 0. 1. 0. 0. 0. 1. 1.]
 [0. 0. 1. 0. 1. 0. 0. 0. 1. 1.]
 [0. 0. 0. 1. 0. 1. 1. 1. 0. 0.]
 [0. 0. 0. 1. 0. 1. 1. 1. 0. 0.]]","[[0 0 2 2]
 [0 1 1 2]
 [2 1 1 0]
 [1 1 0 2]]","[[2 2]
 [2 2]]"
Graph no. 47,"[[0. 1. 1. 1. 1. 0. 0. 0. 0. 0.]
 [1. 0. 1. 1. 0. 1. 0. 0. 0. 0.]
 [1. 1. 0. 0. 0. 0. 1. 1. 0. 0.]
 [1. 1. 0. 0. 0. 0. 0. 0. 1. 1.]
 [1. 0. 0. 0. 0. 1. 1. 0. 1. 0.]
 [0. 1. 0. 0. 1. 0. 1. 0. 0. 1.]
 [0. 0. 1. 0. 1. 1. 0. 1. 0. 0.]
 [0. 0. 1. 0. 0. 0. 1. 0. 1. 1.]
 [0. 0. 0. 1. 1. 0. 0. 1. 0. 1.]
 [0. 0. 0. 1. 0. 1. 0. 1. 1. 0.]]","[[0 0 0 4]
 [0 0 4 0]
 [0 1 1 2]
 [1 0 2 1]]","[[0 4]
 [1 3]]"
Graph no. 48,"[[0. 1. 1. 1. 1. 0. 0. 0. 0. 0.]
 [1. 0. 1. 1. 0. 1. 0. 0. 0. 0.]
 [1. 1. 0. 0. 0. 0. 1. 1. 0. 0.]
 [1. 1. 0. 0. 0. 0. 0. 0. 1. 1.]
 [1. 0. 0. 0. 0. 1. 1. 0. 1. 0.]
 [0. 1. 0. 0. 1. 0. 0. 1. 0. 1.]
 [0. 0. 1. 0. 1. 0. 0. 1. 1. 0.]
 [0. 0. 1. 0. 0. 1. 1. 0. 0. 1.]
 [0. 0. 0. 1. 1. 0. 1. 0. 0. 1.]
 [0. 0. 0. 1. 0. 1. 0. 1. 1. 0.]]","[[0 0 2 2]
 [0 1 1 2]
 [2 1 1 0]
 [1 1 0 2]]"
Graph no. 49,"[[0. 1. 1. 1. 1. 0. 0. 0. 0. 0.]
 [1. 0. 1. 1. 0. 1. 0. 0. 0. 0.]
 [1. 1. 0. 0. 0. 0. 1. 1. 0. 0.]
 [1. 1. 0. 0. 0. 0. 0. 0. 1. 1.]
 [1. 0. 0. 0. 0. 1. 1. 0. 1. 0.]
 [0. 1. 0. 0. 1. 0. 0. 1. 0. 1.]
 [0. 0. 1. 0. 1. 0. 0. 1. 0. 1.]
 [0. 0. 1. 0. 0. 1. 1. 0. 1. 0.]
 [0. 0. 0. 1. 1. 0. 0. 1. 0. 1.]
 [0. 0. 0. 1. 0. 1. 1. 0. 1. 0.]]","[[0 0 2 2]
 [0 1 1 2]
 [2 1 1 0]
 [1 1 0 2]]"
Graph no. 50,"[[0. 1. 1. 1. 1. 0. 0. 0. 0. 0.]
 [1. 0. 1. 1. 0. 1. 0. 0. 0. 0.]
 [1. 1. 0. 0. 0. 0. 1. 1. 0. 0.]
 [1. 1. 0. 0. 0. 0. 0. 0. 1. 1.]
 [1. 0. 0. 0. 0. 1. 1. 0. 1. 0.]
 [0. 1. 0. 0. 1. 0. 0. 1. 0. 1.]
 [0. 0. 1. 0. 1. 0. 0. 0. 1. 1.]
 [0. 0. 1. 0. 0. 1. 0. 0. 1. 1.]
 [0. 0. 0. 1. 1. 0. 1. 1. 0. 0.]
 [0. 0. 0. 1. 0. 1. 1. 1. 0. 0.]]","[[0 0 2 2]
 [0 1 1 2]
 [2 1 1 0]
 [1 1 0 2]]"
Graph no. 51,"[[0. 1. 1. 1. 1. 0. 0. 0. 0. 0.]
 [1. 0. 1. 1. 0. 1. 0. 0. 0. 0.]
 [1. 1. 0. 0. 0. 0. 1. 1. 0. 0.]
 [1. 1. 0. 0. 0. 0. 0. 0. 1. 1.]
 [1. 0. 0. 0. 0. 0. 1. 1. 1. 0.]
 [0. 1. 0. 0. 0. 0. 1. 1. 1. 0.]
 [0. 0. 1. 0. 1. 1. 0. 0. 0. 1.]
 [0. 0. 1. 0. 1. 1. 0. 0. 0. 1.]
 [0. 0. 0. 1. 1. 1. 0. 0. 0. 1.]
 [0. 0. 0. 1. 0. 0. 1. 1. 1. 0.]]","[[0 4]
 [1 3]]"
Graph no. 52,"[[0. 1. 1. 1. 1. 0. 0. 0. 0. 0.]
 [1. 0. 1. 1. 0. 1. 0. 0. 0. 0.]
 [1. 1. 0. 0. 0. 0. 1. 1. 0. 0.]
 [1. 1. 0. 0. 0. 0. 0. 0. 1. 1.]
 [1. 0. 0. 0. 0. 0. 1. 1. 1. 0.]
 [0. 1. 0. 0. 0. 0. 1. 1. 0. 1.]
 [0. 0. 1. 0. 1. 1. 0. 0. 1. 0.]
 [0. 0. 1. 0. 1. 1. 0. 0. 0. 1.]
 [0. 0. 0. 1. 1. 0. 1. 0. 0. 1.]
 [0. 0. 0. 1. 0. 1. 0. 1. 1. 0.]]"
Graph no. 53,"[[0. 1. 1. 1. 1. 0. 0. 0. 0. 0.]
 [1. 0. 1. 1. 0. 1. 0. 0. 0. 0.]
 [1. 1. 0. 0. 0. 0. 1. 1. 0. 0.]
 [1. 1. 0. 0. 0. 0. 0. 0. 1. 1.]
 [1. 0. 0. 0. 0. 0. 1. 1. 1. 0.]
 [0. 1. 0. 0. 0. 0. 1. 0. 1. 1.]
 [0. 0. 1. 0. 1. 1. 0. 0. 0. 1.]
 [0. 0. 1. 0. 1. 0. 0. 0. 1. 1.]
 [0. 0. 0. 1. 1. 1. 0. 1. 0. 0.]
 [0. 0. 0. 1. 0. 1. 1. 1. 0. 0.]]","[[1 0 3]
 [0 1 3]
 [1 1 2]]","[[1 3]
 [2 2]]","[[2 2]
 [2 2]]"
Graph no. 54,"[[0. 1. 1. 1. 1. 0. 0. 0. 0. 0.]
 [1. 0. 1. 0. 0. 1. 1. 0. 0. 0.]
 [1. 1. 0. 0. 0. 0. 0. 1. 1. 0.]
 [1. 0. 0. 0. 1. 1. 1. 0. 0. 0.]
 [1. 0. 0. 1. 0. 0. 0. 1. 1. 0.]
 [0. 1. 0. 1. 0. 0. 0. 1. 0. 1.]
 [0. 1. 0. 1. 0. 0. 0. 0. 1. 1.]
 [0. 0. 1. 0. 1. 1. 0. 0. 0. 1.]
 [0. 0. 1. 0. 1. 0. 1. 0. 0. 1.]
 [0. 0. 0. 0. 0. 1. 1. 1. 1. 0.]]","[[0 0 0 4]
 [0 0 4 0]
 [0 1 1 2]
 [1 0 2 1]]","[[0 1 1 2]
 [1 1 0 2]
 [1 0 1 2]
 [1 1 1 1]]","[[0 2 2]
 [1 0 3]
 [1 3 0]]","[[0 2 2]
 [1 1 2]
 [1 2 1]]","[[0 2 2]
 [1 2 1]
 [1 1 2]]","[[1 0 3]
 [0 1 3]
 [1 1 2]]","[[0 4]
 [1 3]]","[[1 3]
 [2 2]]"
Graph no. 55,"[[0. 1. 1. 1. 1. 0. 0. 0. 0. 0.]
 [1. 0. 1. 0. 0. 1. 1. 0. 0. 0.]
 [1. 1. 0. 0. 0. 0. 0. 1. 1. 0.]
 [1. 0. 0. 0. 1. 1. 1. 0. 0. 0.]
 [1. 0. 0. 1. 0. 0. 0. 1. 0. 1.]
 [0. 1. 0. 1. 0. 0. 0. 1. 1. 0.]
 [0. 1. 0. 1. 0. 0. 0. 0. 1. 1.]
 [0. 0. 1. 0. 1. 1. 0. 0. 0. 1.]
 [0. 0. 1. 0. 0. 1. 1. 0. 0. 1.]
 [0. 0. 0. 0. 1. 0. 1. 1. 1. 0.]]","[[1 0 3]
 [0 1 3]
 [1 1 2]]","[[1 3]
 [2 2]]"
Graph no. 56,"[[0. 1. 1. 1. 1. 0. 0. 0. 0. 0.]
 [1. 0. 1. 0. 0. 1. 1. 0. 0. 0.]
 [1. 1. 0. 0. 0. 0. 0. 1. 1. 0.]
 [1. 0. 0. 0. 1. 1. 1. 0. 0. 0.]
 [1. 0. 0. 1. 0. 0. 0. 1. 0. 1.]
 [0. 1. 0. 1. 0. 0. 0. 0. 1. 1.]
 [0. 1. 0. 1. 0. 0. 0. 0. 1. 1.]
 [0. 0. 1. 0. 1. 0. 0. 0. 1. 1.]
 [0. 0. 1. 0. 0. 1. 1. 1. 0. 0.]
 [0. 0. 0. 0. 1. 1. 1. 1. 0. 0.]]","[[0 0 0 4]
 [0 0 0 4]
 [0 0 2 2]
 [1 1 2 0]]","[[0 0 0 4]
 [0 0 2 2]
 [0 2 0 2]
 [2 1 1 0]]","[[0 0 2 2]
 [0 0 2 2]
 [2 2 0 0]
 [1 1 0 2]]","[[0 0 4]
 [0 2 2]
 [2 2 0]]"
Graph no. 57,"[[0. 1. 1. 1. 1. 0. 0. 0. 0. 0.]
 [1. 0. 1. 0. 0. 1. 1. 0. 0. 0.]
 [1. 1. 0. 0. 0. 0. 0. 1. 1. 0.]
 [1. 0. 0. 0. 1. 1. 0. 1. 0. 0.]
 [1. 0. 0. 1. 0. 0. 1. 0. 1. 0.]
 [0. 1. 0. 1. 0. 0. 0. 0. 1. 1.]
 [0. 1. 0. 0. 1. 0. 0. 1. 0. 1.]
 [0. 0. 1. 1. 0. 0. 1. 0. 0. 1.]
 [0. 0. 1. 0. 1. 1. 0. 0. 0. 1.]
 [0. 0. 0. 0. 0. 1. 1. 1. 1. 0.]]","[[0 0 0 4]
 [0 0 4 0]
 [0 1 1 2]
 [1 0 2 1]]","[[0 2 2]
 [1 2 1]
 [1 1 2]]","[[0 4]
 [1 3]]"
Graph no. 58,"[[0. 1. 1. 1. 1. 0. 0. 0. 0. 0.]
 [1. 0. 1. 0. 0. 1. 1. 0. 0. 0.]
 [1. 1. 0. 0. 0. 0. 0. 1. 1. 0.]
 [1. 0. 0. 0. 1. 1. 0. 1. 0. 0.]
 [1. 0. 0. 1. 0. 0. 1. 0. 0. 1.]
 [0. 1. 0. 1. 0. 0. 0. 0. 1. 1.]
 [0. 1. 0. 0. 1. 0. 0. 1. 1. 0.]
 [0. 0. 1. 1. 0. 0. 1. 0. 0. 1.]
 [0. 0. 1. 0. 0. 1. 1. 0. 0. 1.]
 [0. 0. 0. 0. 1. 1. 0. 1. 1. 0.]]","[[2 2]
 [2 2]]"
Graph no. 59,"[[0. 1. 1. 1. 1. 0. 0. 0. 0. 0.]
 [1. 0. 1. 0. 0. 1. 1. 0. 0. 0.]
 [1. 1. 0. 0. 0. 0. 0. 1. 1. 0.]
 [1. 0. 0. 0. 1. 1. 0. 1. 0. 0.]
 [1. 0. 0. 1. 0. 0. 1. 0. 0. 1.]
 [0. 1. 0. 1. 0. 0. 0. 0. 1. 1.]
 [0. 1. 0. 0. 1. 0. 0. 1. 0. 1.]
 [0. 0. 1. 1. 0. 0. 1. 0. 1. 0.]
 [0. 0. 1. 0. 0. 1. 0. 1. 0. 1.]
 [0. 0. 0. 0. 1. 1. 1. 0. 1. 0.]]","[[2 2]
 [2 2]]"
Graph no. 60,"[[0. 1. 1. 1. 1. 0. 0. 0. 0. 0.]
 [1. 0. 1. 0. 0. 1. 1. 0. 0. 0.]
 [1. 1. 0. 0. 0. 0. 0. 1. 1. 0.]
 [1. 0. 0. 0. 0. 1. 1. 1. 0. 0.]
 [1. 0. 0. 0. 0. 1. 0. 1. 1. 0.]
 [0. 1. 0. 1. 1. 0. 0. 0. 0. 1.]
 [0. 1. 0. 1. 0. 0. 0. 0. 1. 1.]
 [0. 0. 1. 1. 1. 0. 0. 0. 0. 1.]
 [0. 0. 1. 0. 1. 0. 1. 0. 0. 1.]
 [0. 0. 0. 0. 0. 1. 1. 1. 1. 0.]]","[[0 1 1 2]
 [1 1 0 2]
 [1 0 1 2]
 [1 1 1 1]]","[[0 2 2]
 [1 1 2]
 [1 2 1]]","[[0 2 2]
 [1 2 1]
 [1 1 2]]","[[1 0 3]
 [0 1 3]
 [1 1 2]]","[[0 4]
 [1 3]]","[[1 3]
 [2 2]]","[[2 2]
 [2 2]]"
Graph no. 61,"[[0. 1. 1. 1. 1. 0. 0. 0. 0. 0.]
 [1. 0. 1. 0. 0. 1. 1. 0. 0. 0.]
 [1. 1. 0. 0. 0. 0. 0. 1. 1. 0.]
 [1. 0. 0. 0. 0. 1. 1. 1. 0. 0.]
 [1. 0. 0. 0. 0. 0. 0. 1. 1. 1.]
 [0. 1. 0. 1. 0. 0. 0. 0. 1. 1.]
 [0. 1. 0. 1. 0. 0. 0. 0. 1. 1.]
 [0. 0. 1. 1. 1. 0. 0. 0. 0. 1.]
 [0. 0. 1. 0. 1. 1. 1. 0. 0. 0.]
 [0. 0. 0. 0. 1. 1. 1. 1. 0. 0.]]","[[0 0 0 4]
 [0 0 0 4]
 [0 0 2 2]
 [1 1 2 0]]","[[0 0 0 4]
 [0 1 1 2]
 [0 1 1 2]
 [2 1 1 0]]","[[0 0 2 2]
 [0 0 2 2]
 [2 2 0 0]
 [1 1 0 2]]","[[0 0 4]
 [0 2 2]
 [2 2 0]]","[[2 2]
 [2 2]]"
Graph no. 62,"[[0. 1. 1. 1. 1. 0. 0. 0. 0. 0.]
 [1. 0. 0. 0. 0. 1. 1. 1. 0. 0.]
 [1. 0. 0. 0. 0. 1. 1. 1. 0. 0.]
 [1. 0. 0. 0. 0. 1. 0. 0. 1. 1.]
 [1. 0. 0. 0. 0. 1. 0. 0. 1. 1.]
 [0. 1. 1. 1. 1. 0. 0. 0. 0. 0.]
 [0. 1. 1. 0. 0. 0. 0. 0. 1. 1.]
 [0. 1. 1. 0. 0. 0. 0. 0. 1. 1.]
 [0. 0. 0. 1. 1. 0. 1. 1. 0. 0.]
 [0. 0. 0. 1. 1. 0. 1. 1. 0. 0.]]","[[0 0 0 4]
 [0 0 0 4]
 [0 0 2 2]
 [1 1 2 0]]","[[0 0 0 4]
 [0 1 1 2]
 [0 1 1 2]
 [2 1 1 0]]","[[0 0 2 2]
 [0 0 2 2]
 [2 2 0 0]
 [1 1 0 2]]","[[0 0 4]
 [0 2 2]
 [2 2 0]]","[[2 2]
 [2 2]]"
Graph no. 63,"[[0. 1. 1. 1. 1. 0. 0. 0. 0. 0.]
 [1. 0. 0. 0. 0. 1. 1. 1. 0. 0.]
 [1. 0. 0. 0. 0. 1. 1. 0. 1. 0.]
 [1. 0. 0. 0. 0. 1. 0. 1. 1. 0.]
 [1. 0. 0. 0. 0. 0. 1. 1. 1. 0.]
 [0. 1. 1. 1. 0. 0. 0. 0. 0. 1.]
 [0. 1. 1. 0. 1. 0. 0. 0. 0. 1.]
 [0. 1. 0. 1. 1. 0. 0. 0. 0. 1.]
 [0. 0. 1. 1. 1. 0. 0. 0. 0. 1.]
 [0. 0. 0. 0. 0. 1. 1. 1. 1. 0.]]","[[0 0 0 4]
 [0 0 4 0]
 [0 1 0 3]
 [1 0 3 0]]","[[0 1 0 3]
 [1 0 3 0]
 [0 2 0 2]
 [2 0 2 0]]","[[0 1 1 2]
 [1 0 1 2]
 [1 1 0 2]
 [1 1 1 1]]","[[0 1 1 2]
 [1 1 0 2]
 [1 0 1 2]
 [1 1 1 1]]","[[0 1 3]
 [1 0 3]
 [1 1 2]]","[[0 2 2]
 [1 1 2]
 [1 2 1]]","[[0 2 2]
 [1 2 1]
 [1 1 2]]","[[1 0 3]
 [0 1 3]
 [1 1 2]]","[[0 4]
 [1 3]]","[[0 4]
 [4 0]]","[[1 3]
 [2 2]]"
Graph no. 64,"[[0. 1. 1. 1. 0. 0. 0. 0.]
 [1. 0. 1. 1. 0. 0. 0. 0.]
 [1. 1. 0. 0. 1. 0. 0. 0.]
 [1. 1. 0. 0. 0. 1. 0. 0.]
 [0. 0. 1. 0. 0. 0. 1. 1.]
 [0. 0. 0. 1. 0. 0. 1. 1.]
 [0. 0. 0. 0. 1. 1. 0. 1.]
 [0. 0. 0. 0. 1. 1. 1. 0.]]","[[0 0 1 2]
 [0 1 2 0]
 [1 2 0 0]
 [2 0 0 1]]","[[0 1 1 1]
 [1 0 1 1]
 [1 1 0 1]
 [1 1 1 0]]","[[0 1 1 1]
 [1 0 1 1]
 [1 1 1 0]
 [1 1 0 1]]","[[0 1 2]
 [1 0 2]
 [1 1 1]]","[[1 0 2]
 [0 1 2]
 [1 1 1]]","[[0 3]
 [1 2]]","[[1 2]
 [2 1]]"
Graph no. 65,"[[0. 1. 1. 1. 0. 0. 0. 0.]
 [1. 0. 1. 0. 1. 0. 0. 0.]
 [1. 1. 0. 0. 0. 1. 0. 0.]
 [1. 0. 0. 0. 1. 0. 1. 0.]
 [0. 1. 0. 1. 0. 0. 0. 1.]
 [0. 0. 1. 0. 0. 0. 1. 1.]
 [0. 0. 0. 1. 0. 1. 0. 1.]
 [0. 0. 0. 0. 1. 1. 1. 0.]]","[[0 1 1 1]
 [1 0 1 1]
 [1 1 1 0]
 [1 1 0 1]]","[[0 1 2]
 [1 0 2]
 [1 1 1]]","[[1 0 2]
 [0 1 2]
 [1 1 1]]","[[0 3]
 [1 2]]","[[1 2]
 [2 1]]"
Graph no. 66,"[[0. 1. 1. 1. 0. 0. 0. 0.]
 [1. 0. 1. 0. 1. 0. 0. 0.]
 [1. 1. 0. 0. 0. 1. 0. 0.]
 [1. 0. 0. 0. 0. 0. 1. 1.]
 [0. 1. 0. 0. 0. 0. 1. 1.]
 [0. 0. 1. 0. 0. 0. 1. 1.]
 [0. 0. 0. 1. 1. 1. 0. 0.]
 [0. 0. 0. 1. 1. 1. 0. 0.]]","[[0 0 0 3]
 [0 0 0 3]
 [0 0 2 1]
 [1 1 1 0]]","[[0 0 3]
 [0 2 1]
 [2 1 0]]"
Graph no. 67,"[[0. 1. 1. 1. 0. 0. 0. 0.]
 [1. 0. 0. 0. 1. 1. 0. 0.]
 [1. 0. 0. 0. 1. 0. 1. 0.]
 [1. 0. 0. 0. 0. 1. 1. 0.]
 [0. 1. 1. 0. 0. 0. 0. 1.]
 [0. 1. 0. 1. 0. 0. 0. 1.]
 [0. 0. 1. 1. 0. 0. 0. 1.]
 [0. 0. 0. 0. 1. 1. 1. 0.]]","[[0 0 0 3]
 [0 0 3 0]
 [0 1 0 2]
 [1 0 2 0]]","[[0 0 1 2]
 [0 0 2 1]
 [1 2 0 0]
 [2 1 0 0]]","[[0 1 1 1]
 [1 0 1 1]
 [1 1 0 1]
 [1 1 1 0]]","[[0 1 1 1]
 [1 0 1 1]
 [1 1 1 0]
 [1 1 0 1]]","[[1 0 1 1]
 [0 1 1 1]
 [1 1 1 0]
 [1 1 0 1]]","[[0 1 2]
 [1 0 2]
 [1 1 1]]","[[1 0 2]
 [0 1 2]
 [1 1 1]]","[[0 3]
 [1 2]]","[[0 3]
 [3 0]]","[[1 2]
 [2 1]]","[[2 1]
 [1 2]]"
Graph no. 68,"[[0. 1. 1. 1. 0. 0. 0. 0.]
 [1. 0. 0. 0. 1. 1. 0. 0.]
 [1. 0. 0. 0. 1. 0. 1. 0.]
 [1. 0. 0. 0. 0. 1. 0. 1.]
 [0. 1. 1. 0. 0. 0. 0. 1.]
 [0. 1. 0. 1. 0. 0. 1. 0.]
 [0. 0. 1. 0. 0. 1. 0. 1.]
 [0. 0. 0. 1. 1. 0. 1. 0.]]","[[0 0 1 2]
 [0 1 1 1]
 [1 1 1 0]
 [2 1 0 0]]","[[1 0 1 1]
 [0 1 1 1]
 [1 1 1 0]
 [1 1 0 1]]","[[1 0 2]
 [0 1 2]
 [1 1 1]]","[[1 2]
 [2 1]]","[[2 1]
 [1 2]]"
Graph no. 69,"[[0. 1. 1. 1. 1. 0.]
 [1. 0. 1. 1. 0. 1.]
 [1. 1. 0. 0. 1. 1.]
 [1. 1. 0. 0. 1. 1.]
 [1. 0. 1. 1. 0. 1.]
 [0. 1. 1. 1. 1. 0.]]","[[0 0 2 2]
 [0 0 2 2]
 [1 1 0 2]
 [1 1 2 0]]","[[0 0 2 2]
 [0 0 2 2]
 [1 1 1 1]
 [1 1 1 1]]","[[0 0 4]
 [0 0 4]
 [1 1 2]]","[[0 2 2]
 [2 0 2]
 [2 2 0]]","[[0 2 2]
 [2 1 1]
 [2 1 1]]","[[0 4]
 [2 2]]","[[2 2]
 [2 2]]"
Graph no. 70,"[[0. 1. 1. 1. 1. 1.]
 [1. 0. 1. 1. 1. 1.]
 [1. 1. 0. 1. 1. 1.]
 [1. 1. 1. 0. 1. 1.]
 [1. 1. 1. 1. 0. 1.]
 [1. 1. 1. 1. 1. 0.]]","[[0 1 1 3]
 [1 0 1 3]
 [1 1 0 3]
 [1 1 1 2]]","[[0 1 2 2]
 [1 0 2 2]
 [1 1 1 2]
 [1 1 2 1]]","[[0 1 4]
 [1 0 4]
 [1 1 3]]","[[0 2 3]
 [1 1 3]
 [1 2 2]]","[[1 2 2]
 [2 1 2]
 [2 2 1]]","[[0 5]
 [1 4]]","[[1 4]
 [2 3]]","[[2 3]
 [3 2]]"
Graph no. 71,"[[0. 1. 1. 1. 1.]
 [1. 0. 1. 1. 1.]
 [1. 1. 0. 1. 1.]
 [1. 1. 1. 0. 1.]
 [1. 1. 1. 1. 0.]]","[[0 1 1 2]
 [1 0 1 2]
 [1 1 0 2]
 [1 1 1 1]]","[[0 1 3]
 [1 0 3]
 [1 1 2]]","[[0 2 2]
 [1 1 2]
 [1 2 1]]","[[0 4]
 [1 3]]","[[1 3]
 [2 2]]"
Graph no. 72,"[[0. 1. 1. 1. 0. 0. 0. 0. 0. 0.]
 [1. 0. 1. 1. 0. 0. 0. 0. 0. 0.]
 [1. 1. 0. 0. 1. 0. 0. 0. 0. 0.]
 [1. 1. 0. 0. 1. 0. 0. 0. 0. 0.]
 [0. 0. 1. 1. 0. 1. 0. 0. 0. 0.]
 [0. 0. 0. 0. 1. 0. 1. 1. 0. 0.]
 [0. 0. 0. 0. 0. 1. 0. 0. 1. 1.]
 [0. 0. 0. 0. 0. 1. 0. 0. 1. 1.]
 [0. 0. 0. 0. 0. 0. 1. 1. 0. 1.]
 [0. 0. 0. 0. 0. 0. 1. 1. 1. 0.]]","[[0 0 1 2]
 [0 0 1 2]
 [1 1 1 0]
 [1 1 0 1]]","[[0 0 1 2]
 [0 1 0 2]
 [1 0 0 2]
 [1 1 1 0]]","[[0 0 3]
 [0 0 3]
 [1 1 1]]","[[1 0 2]
 [0 1 2]
 [1 2 0]]","[[0 3]
 [2 1]]"
Graph no. 73,"[[0. 1. 1. 1. 0. 0. 0. 0. 0. 0.]
 [1. 0. 1. 1. 0. 0. 0. 0. 0. 0.]
 [1. 1. 0. 0. 1. 0. 0. 0. 0. 0.]
 [1. 1. 0. 0. 0. 1. 0. 0. 0. 0.]
 [0. 0. 1. 0. 0. 1. 1. 0. 0. 0.]
 [0. 0. 0. 1. 1. 0. 0. 1. 0. 0.]
 [0. 0. 0. 0. 1. 0. 0. 0. 1. 1.]
 [0. 0. 0. 0. 0. 1. 0. 0. 1. 1.]
 [0. 0. 0. 0. 0. 0. 1. 1. 0. 1.]
 [0. 0. 0. 0. 0. 0. 1. 1. 1. 0.]]","[[0 0 1 2]
 [0 0 1 2]
 [1 1 1 0]
 [1 1 0 1]]","[[0 0 1 2]
 [0 1 0 2]
 [1 0 0 2]
 [1 1 1 0]]","[[0 0 3]
 [0 0 3]
 [1 1 1]]","[[0 3 0]
 [1 0 2]
 [0 1 2]]","[[1 0 2]
 [0 1 2]
 [1 2 0]]","[[0 3]
 [2 1]]"
Graph no. 74,"[[0. 1. 1. 1. 0. 0. 0. 0. 0. 0.]
 [1. 0. 1. 1. 0. 0. 0. 0. 0. 0.]
 [1. 1. 0. 0. 1. 0. 0. 0. 0. 0.]
 [1. 1. 0. 0. 0. 1. 0. 0. 0. 0.]
 [0. 0. 1. 0. 0. 0. 1. 1. 0. 0.]
 [0. 0. 0. 1. 0. 0. 1. 0. 1. 0.]
 [0. 0. 0. 0. 1. 1. 0. 0. 0. 1.]
 [0. 0. 0. 0. 1. 0. 0. 0. 1. 1.]
 [0. 0. 0. 0. 0. 1. 0. 1. 0. 1.]
 [0. 0. 0. 0. 0. 0. 1. 1. 1. 0.]]"
Graph no. 75,"[[0. 1. 1. 1. 0. 0. 0. 0. 0. 0.]
 [1. 0. 1. 1. 0. 0. 0. 0. 0. 0.]
 [1. 1. 0. 0. 1. 0. 0. 0. 0. 0.]
 [1. 1. 0. 0. 0. 1. 0. 0. 0. 0.]
 [0. 0. 1. 0. 0. 0. 1. 1. 0. 0.]
 [0. 0. 0. 1. 0. 0. 0. 0. 1. 1.]
 [0. 0. 0. 0. 1. 0. 0. 1. 1. 0.]
 [0. 0. 0. 0. 1. 0. 1. 0. 0. 1.]
 [0. 0. 0. 0. 0. 1. 1. 0. 0. 1.]
 [0. 0. 0. 0. 0. 1. 0. 1. 1. 0.]]","[[0 0 1 2]
 [0 1 2 0]
 [1 2 0 0]
 [1 0 0 2]]","[[0 0 3]
 [0 0 3]
 [1 1 1]]","[[0 3]
 [2 1]]"
Graph no. 76,"[[0. 1. 1. 1. 0. 0. 0. 0. 0. 0.]
 [1. 0. 1. 1. 0. 0. 0. 0. 0. 0.]
 [1. 1. 0. 0. 1. 0. 0. 0. 0. 0.]
 [1. 1. 0. 0. 0. 1. 0. 0. 0. 0.]
 [0. 0. 1. 0. 0. 0. 1. 1. 0. 0.]
 [0. 0. 0. 1. 0. 0. 0. 0. 1. 1.]
 [0. 0. 0. 0. 1. 0. 0. 0. 1. 1.]
 [0. 0. 0. 0. 1. 0. 0. 0. 1. 1.]
 [0. 0. 0. 0. 0. 1. 1. 1. 0. 0.]
 [0. 0. 0. 0. 0. 1. 1. 1. 0. 0.]]","[[0 0 1 2]
 [0 1 2 0]
 [1 2 0 0]
 [1 0 0 2]]"
Graph no. 77,"[[0. 1. 1. 1. 0. 0. 0. 0. 0. 0.]
 [1. 0. 1. 0. 1. 0. 0. 0. 0. 0.]
 [1. 1. 0. 0. 0. 1. 0. 0. 0. 0.]
 [1. 0. 0. 0. 1. 0. 1. 0. 0. 0.]
 [0. 1. 0. 1. 0. 0. 0. 1. 0. 0.]
 [0. 0. 1. 0. 0. 0. 1. 0. 1. 0.]
 [0. 0. 0. 1. 0. 1. 0. 0. 0. 1.]
 [0. 0. 0. 0. 1. 0. 0. 0. 1. 1.]
 [0. 0. 0. 0. 0. 1. 0. 1. 0. 1.]
 [0. 0. 0. 0. 0. 0. 1. 1. 1. 0.]]","[[0 0 1 2]
 [0 0 1 2]
 [1 1 1 0]
 [1 1 0 1]]","[[0 0 1 2]
 [0 1 0 2]
 [1 0 0 2]
 [1 1 1 0]]","[[0 0 3]
 [0 0 3]
 [1 1 1]]","[[1 0 2]
 [0 1 2]
 [1 2 0]]","[[0 3]
 [2 1]]"
Graph no. 78,"[[0. 1. 1. 1. 0. 0. 0. 0. 0. 0.]
 [1. 0. 1. 0. 1. 0. 0. 0. 0. 0.]
 [1. 1. 0. 0. 0. 1. 0. 0. 0. 0.]
 [1. 0. 0. 0. 1. 0. 1. 0. 0. 0.]
 [0. 1. 0. 1. 0. 0. 0. 1. 0. 0.]
 [0. 0. 1. 0. 0. 0. 0. 0. 1. 1.]
 [0. 0. 0. 1. 0. 0. 0. 1. 1. 0.]
 [0. 0. 0. 0. 1. 0. 1. 0. 0. 1.]
 [0. 0. 0. 0. 0. 1. 1. 0. 0. 1.]
 [0. 0. 0. 0. 0. 1. 0. 1. 1. 0.]]","[[1 0 2]
 [0 2 1]
 [1 1 1]]"
Graph no. 79,"[[0. 1. 1. 1. 0. 0. 0. 0. 0. 0.]
 [1. 0. 1. 0. 1. 0. 0. 0. 0. 0.]
 [1. 1. 0. 0. 0. 1. 0. 0. 0. 0.]
 [1. 0. 0. 0. 1. 0. 1. 0. 0. 0.]
 [0. 1. 0. 1. 0. 0. 0. 1. 0. 0.]
 [0. 0. 1. 0. 0. 0. 0. 0. 1. 1.]
 [0. 0. 0. 1. 0. 0. 0. 0. 1. 1.]
 [0. 0. 0. 0. 1. 0. 0. 0. 1. 1.]
 [0. 0. 0. 0. 0. 1. 1. 1. 0. 0.]
 [0. 0. 0. 0. 0. 1. 1. 1. 0. 0.]]"
Graph no. 80,"[[0. 1. 1. 1. 0. 0. 0. 0. 0. 0.]
 [1. 0. 1. 0. 1. 0. 0. 0. 0. 0.]
 [1. 1. 0. 0. 0. 1. 0. 0. 0. 0.]
 [1. 0. 0. 0. 0. 0. 1. 1. 0. 0.]
 [0. 1. 0. 0. 0. 0. 1. 1. 0. 0.]
 [0. 0. 1. 0. 0. 0. 0. 0. 1. 1.]
 [0. 0. 0. 1. 1. 0. 0. 0. 1. 0.]
 [0. 0. 0. 1. 1. 0. 0. 0. 0. 1.]
 [0. 0. 0. 0. 0. 1. 1. 0. 0. 1.]
 [0. 0. 0. 0. 0. 1. 0. 1. 1. 0.]]","[[1 0 2]
 [0 2 1]
 [1 1 1]]"
Graph no. 81,"[[0. 1. 1. 1. 0. 0. 0. 0. 0. 0.]
 [1. 0. 1. 0. 1. 0. 0. 0. 0. 0.]
 [1. 1. 0. 0. 0. 1. 0. 0. 0. 0.]
 [1. 0. 0. 0. 0. 0. 1. 1. 0. 0.]
 [0. 1. 0. 0. 0. 0. 1. 0. 1. 0.]
 [0. 0. 1. 0. 0. 0. 1. 0. 0. 1.]
 [0. 0. 0. 1. 1. 1. 0. 0. 0. 0.]
 [0. 0. 0. 1. 0. 0. 0. 0. 1. 1.]
 [0. 0. 0. 0. 1. 0. 0. 1. 0. 1.]
 [0. 0. 0. 0. 0. 1. 0. 1. 1. 0.]]","[[0 0 0 3]
 [0 0 2 1]
 [0 2 0 1]
 [1 1 1 0]]","[[0 0 0 3]
 [0 2 0 1]
 [0 0 2 1]
 [1 1 1 0]]","[[0 0 1 2]
 [0 1 0 2]
 [1 0 0 2]
 [1 1 1 0]]","[[0 3 0]
 [1 0 2]
 [0 1 2]]","[[1 0 2]
 [0 1 2]
 [1 2 0]]","[[0 3]
 [2 1]]"
Graph no. 82,"[[0. 1. 1. 1. 0. 0. 0. 0. 0. 0.]
 [1. 0. 1. 0. 1. 0. 0. 0. 0. 0.]
 [1. 1. 0. 0. 0. 1. 0. 0. 0. 0.]
 [1. 0. 0. 0. 0. 0. 1. 1. 0. 0.]
 [0. 1. 0. 0. 0. 0. 1. 0. 1. 0.]
 [0. 0. 1. 0. 0. 0. 0. 1. 1. 0.]
 [0. 0. 0. 1. 1. 0. 0. 0. 0. 1.]
 [0. 0. 0. 1. 0. 1. 0. 0. 0. 1.]
 [0. 0. 0. 0. 1. 1. 0. 0. 0. 1.]
 [0. 0. 0. 0. 0. 0. 1. 1. 1. 0.]]","[[0 0 0 3]
 [0 0 1 2]
 [0 1 2 0]
 [1 2 0 0]]"
Graph no. 83,"[[0. 1. 1. 1. 0. 0. 0. 0. 0. 0.]
 [1. 0. 1. 0. 1. 0. 0. 0. 0. 0.]
 [1. 1. 0. 0. 0. 1. 0. 0. 0. 0.]
 [1. 0. 0. 0. 0. 0. 1. 1. 0. 0.]
 [0. 1. 0. 0. 0. 0. 1. 0. 1. 0.]
 [0. 0. 1. 0. 0. 0. 0. 1. 0. 1.]
 [0. 0. 0. 1. 1. 0. 0. 0. 1. 0.]
 [0. 0. 0. 1. 0. 1. 0. 0. 0. 1.]
 [0. 0. 0. 0. 1. 0. 1. 0. 0. 1.]
 [0. 0. 0. 0. 0. 1. 0. 1. 1. 0.]]","[[0 0 0 3]
 [0 0 2 1]
 [0 2 0 1]
 [1 1 1 0]]","[[0 3 0]
 [1 0 2]
 [0 1 2]]","[[0 3]
 [2 1]]"
Graph no. 84,"[[0. 1. 1. 1. 0. 0. 0. 0. 0. 0.]
 [1. 0. 1. 0. 1. 0. 0. 0. 0. 0.]
 [1. 1. 0. 0. 0. 1. 0. 0. 0. 0.]
 [1. 0. 0. 0. 0. 0. 1. 1. 0. 0.]
 [0. 1. 0. 0. 0. 0. 1. 0. 1. 0.]
 [0. 0. 1. 0. 0. 0. 0. 1. 0. 1.]
 [0. 0. 0. 1. 1. 0. 0. 0. 0. 1.]
 [0. 0. 0. 1. 0. 1. 0. 0. 1. 0.]
 [0. 0. 0. 0. 1. 0. 0. 1. 0. 1.]
 [0. 0. 0. 0. 0. 1. 1. 0. 1. 0.]]","[[0 3 0]
 [1 0 2]
 [0 1 2]]"
Graph no. 85,"[[0. 1. 1. 1. 0. 0. 0. 0. 0. 0.]
 [1. 0. 0. 0. 1. 1. 0. 0. 0. 0.]
 [1. 0. 0. 0. 1. 1. 0. 0. 0. 0.]
 [1. 0. 0. 0. 0. 0. 1. 1. 0. 0.]
 [0. 1. 1. 0. 0. 0. 0. 0. 1. 0.]
 [0. 1. 1. 0. 0. 0. 0. 0. 0. 1.]
 [0. 0. 0. 1. 0. 0. 0. 0. 1. 1.]
 [0. 0. 0. 1. 0. 0. 0. 0. 1. 1.]
 [0. 0. 0. 0. 1. 0. 1. 1. 0. 0.]
 [0. 0. 0. 0. 0. 1. 1. 1. 0. 0.]]","[[0 0 0 3]
 [0 0 3 0]
 [0 2 0 1]
 [2 0 1 0]]","[[0 0 1 2]
 [0 0 1 2]
 [1 1 1 0]
 [1 1 0 1]]","[[0 0 1 2]
 [0 1 0 2]
 [1 0 0 2]
 [1 1 1 0]]","[[1 0 0 2]
 [0 1 0 2]
 [0 0 1 2]
 [1 1 1 0]]","[[0 0 3]
 [0 0 3]
 [1 1 1]]","[[1 0 2]
 [0 1 2]
 [1 2 0]]","[[0 3]
 [2 1]]","[[0 3]
 [3 0]]"
Graph no. 86,"[[0. 1. 1. 1. 0. 0. 0. 0. 0. 0.]
 [1. 0. 0. 0. 1. 1. 0. 0. 0. 0.]
 [1. 0. 0. 0. 1. 0. 1. 0. 0. 0.]
 [1. 0. 0. 0. 0. 1. 0. 1. 0. 0.]
 [0. 1. 1. 0. 0. 0. 0. 0. 1. 0.]
 [0. 1. 0. 1. 0. 0. 0. 0. 0. 1.]
 [0. 0. 1. 0. 0. 0. 0. 1. 1. 0.]
 [0. 0. 0. 1. 0. 0. 1. 0. 0. 1.]
 [0. 0. 0. 0. 1. 0. 1. 0. 0. 1.]
 [0. 0. 0. 0. 0. 1. 0. 1. 1. 0.]]","[[1 0 2]
 [0 2 1]
 [1 1 1]]","[[2 1]
 [1 2]]"
Graph no. 87,"[[0. 1. 1. 1. 0. 0. 0. 0. 0. 0.]
 [1. 0. 0. 0. 1. 1. 0. 0. 0. 0.]
 [1. 0. 0. 0. 1. 0. 1. 0. 0. 0.]
 [1. 0. 0. 0. 0. 1. 0. 1. 0. 0.]
 [0. 1. 1. 0. 0. 0. 0. 0. 1. 0.]
 [0. 1. 0. 1. 0. 0. 0. 0. 0. 1.]
 [0. 0. 1. 0. 0. 0. 0. 1. 0. 1.]
 [0. 0. 0. 1. 0. 0. 1. 0. 1. 0.]
 [0. 0. 0. 0. 1. 0. 0. 1. 0. 1.]
 [0. 0. 0. 0. 0. 1. 1. 0. 1. 0.]]","[[1 0 2]
 [0 2 1]
 [1 1 1]]","[[2 1]
 [1 2]]"
Graph no. 88,"[[0. 1. 1. 1. 0. 0. 0. 0. 0. 0.]
 [1. 0. 0. 0. 1. 1. 0. 0. 0. 0.]
 [1. 0. 0. 0. 1. 0. 1. 0. 0. 0.]
 [1. 0. 0. 0. 0. 1. 0. 1. 0. 0.]
 [0. 1. 1. 0. 0. 0. 0. 0. 1. 0.]
 [0. 1. 0. 1. 0. 0. 0. 0. 0. 1.]
 [0. 0. 1. 0. 0. 0. 0. 0. 1. 1.]
 [0. 0. 0. 1. 0. 0. 0. 0. 1. 1.]
 [0. 0. 0. 0. 1. 0. 1. 1. 0. 0.]
 [0. 0. 0. 0. 0. 1. 1. 1. 0. 0.]]","[[1 0 2]
 [0 2 1]
 [1 1 1]]","[[0 3]
 [3 0]]"
Graph no. 89,"[[0. 1. 1. 1. 0. 0. 0. 0. 0. 0.]
 [1. 0. 0. 0. 1. 1. 0. 0. 0. 0.]
 [1. 0. 0. 0. 1. 0. 1. 0. 0. 0.]
 [1. 0. 0. 0. 0. 0. 0. 1. 1. 0.]
 [0. 1. 1. 0. 0. 0. 0. 1. 0. 0.]
 [0. 1. 0. 0. 0. 0. 0. 0. 1. 1.]
 [0. 0. 1. 0. 0. 0. 0. 0. 1. 1.]
 [0. 0. 0. 1. 1. 0. 0. 0. 0. 1.]
 [0. 0. 0. 1. 0. 1. 1. 0. 0. 0.]
 [0. 0. 0. 0. 0. 1. 1. 1. 0. 0.]]","[[0 0 1 2]
 [0 0 1 2]
 [1 1 1 0]
 [1 1 0 1]]","[[0 0 1 2]
 [0 1 0 2]
 [1 0 0 2]
 [1 1 1 0]]","[[1 0 0 2]
 [0 1 0 2]
 [0 0 1 2]
 [1 1 1 0]]","[[0 0 3]
 [0 0 3]
 [1 1 1]]","[[0 3 0]
 [1 0 2]
 [0 1 2]]","[[1 0 2]
 [0 1 2]
 [1 2 0]]","[[0 3]
 [2 1]]","[[2 1]
 [1 2]]"
Graph no. 90,"[[0. 1. 1. 1. 0. 0. 0. 0. 0. 0.]
 [1. 0. 0. 0. 1. 1. 0. 0. 0. 0.]
 [1. 0. 0. 0. 0. 0. 1. 1. 0. 0.]
 [1. 0. 0. 0. 0. 0. 0. 0. 1. 1.]
 [0. 1. 0. 0. 0. 0. 1. 0. 1. 0.]
 [0. 1. 0. 0. 0. 0. 0. 1. 0. 1.]
 [0. 0. 1. 0. 1. 0. 0. 0. 0. 1.]
 [0. 0. 1. 0. 0. 1. 0. 0. 1. 0.]
 [0. 0. 0. 1. 1. 0. 0. 1. 0. 0.]
 [0. 0. 0. 1. 0. 1. 1. 0. 0. 0.]]","[[0 0 0 3]
 [0 0 2 1]
 [0 2 0 1]
 [1 1 1 0]]","[[1 0 0 2]
 [0 1 0 2]
 [0 0 1 2]
 [1 1 1 0]]","[[0 3 0]
 [1 0 2]
 [0 1 2]]","[[1 0 2]
 [0 1 2]
 [1 2 0]]","[[0 3]
 [2 1]]","[[2 1]
 [1 2]]"
Graph no. 91,"[[0. 1. 1. 1. 1. 0. 0.]
 [1. 0. 1. 1. 1. 0. 0.]
 [1. 1. 0. 0. 0. 1. 1.]
 [1. 1. 0. 0. 0. 1. 1.]
 [1. 1. 0. 0. 0. 1. 1.]
 [0. 0. 1. 1. 1. 0. 1.]
 [0. 0. 1. 1. 1. 1. 0.]]","[[0 0 0 4]
 [0 0 0 4]
 [0 0 0 4]
 [1 1 1 1]]","[[0 0 2 2]
 [0 0 2 2]
 [1 2 0 1]
 [1 2 1 0]]","[[0 0 2 2]
 [0 0 2 2]
 [1 2 1 0]
 [1 2 0 1]]","[[0 1 0 3]
 [1 0 0 3]
 [0 0 1 3]
 [1 1 2 0]]","[[0 0 4]
 [0 0 4]
 [1 2 1]]","[[0 1 3]
 [1 0 3]
 [2 2 0]]","[[1 0 3]
 [0 1 3]
 [2 2 0]]","[[0 4]
 [3 1]]"
Graph no. 92,"[[0. 1. 1. 1. 1. 0. 0.]
 [1. 0. 1. 1. 0. 1. 0.]
 [1. 1. 0. 0. 1. 0. 1.]
 [1. 1. 0. 0. 0. 1. 1.]
 [1. 0. 1. 0. 0. 1. 1.]
 [0. 1. 0. 1. 1. 0. 1.]
 [0. 0. 1. 1. 1. 1. 0.]]","[[0 0 2 2]
 [0 1 1 2]
 [1 1 1 1]
 [1 2 1 0]]"
Graph no. 93,"[[0. 1. 1. 1. 1. 0. 0. 0.]
 [1. 0. 1. 1. 1. 0. 0. 0.]
 [1. 1. 0. 0. 0. 1. 1. 0.]
 [1. 1. 0. 0. 0. 1. 0. 1.]
 [1. 1. 0. 0. 0. 0. 1. 1.]
 [0. 0. 1. 1. 0. 0. 1. 1.]
 [0. 0. 1. 0. 1. 1. 0. 1.]
 [0. 0. 0. 1. 1. 1. 1. 0.]]","[[0 1 0 3]
 [1 0 0 3]
 [0 0 2 2]
 [1 1 2 0]]","[[1 0 3]
 [0 2 2]
 [2 2 0]]"
Graph no. 94,"[[0. 1. 1. 1. 1. 0. 0. 0.]
 [1. 0. 1. 1. 0. 1. 0. 0.]
 [1. 1. 0. 1. 0. 0. 1. 0.]
 [1. 1. 1. 0. 0. 0. 0. 1.]
 [1. 0. 0. 0. 0. 1. 1. 1.]
 [0. 1. 0. 0. 1. 0. 1. 1.]
 [0. 0. 1. 0. 1. 1. 0. 1.]
 [0. 0. 0. 1. 1. 1. 1. 0.]]","[[0 1 0 3]
 [1 0 3 0]
 [0 1 2 1]
 [1 0 1 2]]","[[0 1 1 2]
 [1 0 2 1]
 [1 2 0 1]
 [2 1 1 0]]","[[0 1 1 2]
 [1 1 1 1]
 [1 1 1 1]
 [2 1 1 0]]","[[1 0 1 2]
 [0 1 2 1]
 [1 2 1 0]
 [2 1 0 1]]","[[1 1 1 1]
 [1 1 1 1]
 [1 1 1 1]
 [1 1 1 1]]","[[0 2 2]
 [2 0 2]
 [1 1 2]]","[[1 1 2]
 [1 1 2]
 [1 1 2]]","[[1 3]
 [1 3]]","[[1 3]
 [3 1]]","[[2 2]
 [2 2]]","[[3 1]
 [1 3]]"
Graph no. 95,"[[0. 1. 1. 1. 1. 0. 0. 0.]
 [1. 0. 1. 1. 0. 1. 0. 0.]
 [1. 1. 0. 0. 1. 0. 1. 0.]
 [1. 1. 0. 0. 0. 1. 0. 1.]
 [1. 0. 1. 0. 0. 0. 1. 1.]
 [0. 1. 0. 1. 0. 0. 1. 1.]
 [0. 0. 1. 0. 1. 1. 0. 1.]
 [0. 0. 0. 1. 1. 1. 1. 0.]]","[[0 1 1 2]
 [1 0 2 1]
 [1 2 0 1]
 [2 1 1 0]]","[[0 1 1 2]
 [1 0 2 1]
 [1 2 1 0]
 [2 1 0 1]]","[[0 2 2]
 [2 0 2]
 [1 1 2]]","[[1 3]
 [3 1]]","[[2 2]
 [2 2]]"
Graph no. 96,"[[0. 1. 1. 1. 1. 0. 0. 0.]
 [1. 0. 1. 1. 0. 1. 0. 0.]
 [1. 1. 0. 0. 1. 0. 1. 0.]
 [1. 1. 0. 0. 0. 0. 1. 1.]
 [1. 0. 1. 0. 0. 1. 0. 1.]
 [0. 1. 0. 0. 1. 0. 1. 1.]
 [0. 0. 1. 1. 0. 1. 0. 1.]
 [0. 0. 0. 1. 1. 1. 1. 0.]]","[[0 1 1 2]
 [1 1 1 1]
 [1 1 1 1]
 [2 1 1 0]]","[[0 2 2]
 [2 0 2]
 [1 1 2]]","[[1 1 2]
 [1 1 2]
 [1 1 2]]","[[1 3]
 [1 3]]","[[2 2]
 [2 2]]"
Graph no. 97,"[[0. 1. 1. 1. 1. 0. 0. 0.]
 [1. 0. 1. 1. 0. 1. 0. 0.]
 [1. 1. 0. 0. 0. 0. 1. 1.]
 [1. 1. 0. 0. 0. 0. 1. 1.]
 [1. 0. 0. 0. 0. 1. 1. 1.]
 [0. 1. 0. 0. 1. 0. 1. 1.]
 [0. 0. 1. 1. 1. 1. 0. 0.]
 [0. 0. 1. 1. 1. 1. 0. 0.]]","[[0 0 2 2]
 [0 1 1 2]
 [2 1 1 0]
 [2 2 0 0]]","[[0 1 1 2]
 [1 1 1 1]
 [1 1 1 1]
 [2 1 1 0]]","[[1 1 1 1]
 [1 1 1 1]
 [1 1 1 1]
 [1 1 1 1]]","[[0 2 2]
 [2 0 2]
 [1 1 2]]","[[1 1 2]
 [1 1 2]
 [1 1 2]]","[[1 3]
 [1 3]]","[[2 2]
 [2 2]]"
Graph no. 98,"[[0. 1. 1. 1. 1. 0. 0. 0.]
 [1. 0. 0. 0. 0. 1. 1. 1.]
 [1. 0. 0. 0. 0. 1. 1. 1.]
 [1. 0. 0. 0. 0. 1. 1. 1.]
 [1. 0. 0. 0. 0. 1. 1. 1.]
 [0. 1. 1. 1. 1. 0. 0. 0.]
 [0. 1. 1. 1. 1. 0. 0. 0.]
 [0. 1. 1. 1. 1. 0. 0. 0.]]","[[0 0 0 4]
 [0 0 0 4]
 [0 0 0 4]
 [1 1 2 0]]","[[0 0 2 2]
 [0 0 2 2]
 [2 2 0 0]
 [2 2 0 0]]","[[0 1 0 3]
 [1 0 3 0]
 [0 1 0 3]
 [1 0 3 0]]","[[0 2 2 0]
 [1 0 0 3]
 [1 0 0 3]
 [0 2 2 0]]","[[1 1 1 1]
 [1 1 1 1]
 [1 1 1 1]
 [1 1 1 1]]","[[0 0 4]
 [0 0 4]
 [1 3 0]]","[[0 0 4]
 [0 0 4]
 [2 2 0]]","[[1 1 2]
 [1 1 2]
 [1 1 2]]","[[0 4]
 [4 0]]","[[1 3]
 [1 3]]","[[2 2]
 [2 2]]"
Graph no. 99,"[[0. 1. 1. 1. 1. 1. 0. 0. 0. 0.]
 [1. 0. 1. 1. 1. 1. 0. 0. 0. 0.]
 [1. 1. 0. 1. 1. 0. 1. 0. 0. 0.]
 [1. 1. 1. 0. 0. 0. 1. 1. 0. 0.]
 [1. 1. 1. 0. 0. 0. 0. 0. 1. 1.]
 [1. 1. 0. 0. 0. 0. 0. 1. 1. 1.]
 [0. 0. 1. 1. 0. 0. 0. 1. 1. 1.]
 [0. 0. 0. 1. 0. 1. 1. 0. 1. 1.]
 [0. 0. 0. 0. 1. 1. 1. 1. 0. 1.]
 [0. 0. 0. 0. 1. 1. 1. 1. 1. 0.]]","[[0 0 1 4]
 [0 1 2 2]
 [1 2 0 2]
 [2 1 1 1]]","[[2 3]
 [3 2]]"
Graph no. 100,"[[0. 1. 1. 1. 1. 1. 0. 0. 0. 0.]
 [1. 0. 1. 1. 1. 1. 0. 0. 0. 0.]
 [1. 1. 0. 1. 1. 0. 1. 0. 0. 0.]
 [1. 1. 1. 0. 0. 0. 0. 1. 1. 0.]
 [1. 1. 1. 0. 0. 0. 0. 1. 0. 1.]
 [1. 1. 0. 0. 0. 0. 1. 0. 1. 1.]
 [0. 0. 1. 0. 0. 1. 0. 1. 1. 1.]
 [0. 0. 0. 1. 1. 0. 1. 0. 1. 1.]
 [0. 0. 0. 1. 0. 1. 1. 1. 0. 1.]
 [0. 0. 0. 0. 1. 1. 1. 1. 1. 0.]]","[[1 4]
 [1 4]]"
Graph no. 101,"[[0. 1. 1. 1. 1. 1. 0. 0. 0. 0.]
 [1. 0. 1. 1. 1. 1. 0. 0. 0. 0.]
 [1. 1. 0. 1. 0. 0. 1. 1. 0. 0.]
 [1. 1. 1. 0. 0. 0. 1. 1. 0. 0.]
 [1. 1. 0. 0. 0. 1. 0. 0. 1. 1.]
 [1. 1. 0. 0. 1. 0. 0. 0. 1. 1.]
 [0. 0. 1. 1. 0. 0. 0. 1. 1. 1.]
 [0. 0. 1. 1. 0. 0. 1. 0. 1. 1.]
 [0. 0. 0. 0. 1. 1. 1. 1. 0. 1.]
 [0. 0. 0. 0. 1. 1. 1. 1. 1. 0.]]","[[0 1 0 4]
 [1 0 0 4]
 [0 0 3 2]
 [1 1 2 1]]","[[0 1 2 2]
 [1 0 2 2]
 [2 2 1 0]
 [1 1 0 3]]","[[1 0 0 4]
 [0 1 2 2]
 [0 2 1 2]
 [2 1 1 1]]","[[1 0 4]
 [0 3 2]
 [2 2 1]]","[[2 3]
 [3 2]]"
Graph no. 102,"[[0. 1. 1. 1. 1. 1. 0. 0. 0. 0.]
 [1. 0. 1. 1. 1. 1. 0. 0. 0. 0.]
 [1. 1. 0. 1. 0. 0. 1. 1. 0. 0.]
 [1. 1. 1. 0. 0. 0. 1. 1. 0. 0.]
 [1. 1. 0. 0. 0. 0. 1. 0. 1. 1.]
 [1. 1. 0. 0. 0. 0. 0. 1. 1. 1.]
 [0. 0. 1. 1. 1. 0. 0. 0. 1. 1.]
 [0. 0. 1. 1. 0. 1. 0. 0. 1. 1.]
 [0. 0. 0. 0. 1. 1. 1. 1. 0. 1.]
 [0. 0. 0. 0. 1. 1. 1. 1. 1. 0.]]","[[0 1 0 4]
 [1 0 0 4]
 [0 0 3 2]
 [1 1 2 1]]","[[0 1 2 2]
 [1 0 2 2]
 [2 2 1 0]
 [1 1 0 3]]","[[1 0 0 4]
 [0 1 2 2]
 [0 2 1 2]
 [2 1 1 1]]","[[1 0 2 2]
 [0 1 2 2]
 [2 2 1 0]
 [1 1 0 3]]","[[1 0 4]
 [0 3 2]
 [2 2 1]]","[[2 3]
 [3 2]]"
Graph no. 103,"[[0. 1. 1. 1. 1. 1. 0. 0. 0. 0.]
 [1. 0. 1. 1. 1. 1. 0. 0. 0. 0.]
 [1. 1. 0. 1. 0. 0. 1. 1. 0. 0.]
 [1. 1. 1. 0. 0. 0. 1. 0. 1. 0.]
 [1. 1. 0. 0. 0. 1. 0. 1. 0. 1.]
 [1. 1. 0. 0. 1. 0. 0. 0. 1. 1.]
 [0. 0. 1. 1. 0. 0. 0. 1. 1. 1.]
 [0. 0. 1. 0. 1. 0. 1. 0. 1. 1.]
 [0. 0. 0. 1. 0. 1. 1. 1. 0. 1.]
 [0. 0. 0. 0. 1. 1. 1. 1. 1. 0.]]","[[0 1 0 4]
 [1 0 0 4]
 [0 0 3 2]
 [1 1 2 1]]","[[0 1 2 2]
 [1 0 2 2]
 [2 2 1 0]
 [1 1 0 3]]","[[1 0 0 4]
 [0 1 2 2]
 [0 2 1 2]
 [2 1 1 1]]","[[1 0 4]
 [0 3 2]
 [2 2 1]]","[[2 3]
 [3 2]]"
Graph no. 104,"[[0. 1. 1. 1. 1. 1. 0. 0. 0. 0.]
 [1. 0. 1. 1. 1. 1. 0. 0. 0. 0.]
 [1. 1. 0. 1. 0. 0. 1. 1. 0. 0.]
 [1. 1. 1. 0. 0. 0. 1. 0. 1. 0.]
 [1. 1. 0. 0. 0. 0. 1. 1. 0. 1.]
 [1. 1. 0. 0. 0. 0. 0. 1. 1. 1.]
 [0. 0. 1. 1. 1. 0. 0. 0. 1. 1.]
 [0. 0. 1. 0. 1. 1. 0. 0. 1. 1.]
 [0. 0. 0. 1. 0. 1. 1. 1. 0. 1.]
 [0. 0. 0. 0. 1. 1. 1. 1. 1. 0.]]","[[1 4]
 [1 4]]","[[2 3]
 [3 2]]"
Graph no. 105,"[[0. 1. 1. 1. 1. 1. 0. 0. 0. 0.]
 [1. 0. 1. 1. 1. 1. 0. 0. 0. 0.]
 [1. 1. 0. 1. 0. 0. 1. 1. 0. 0.]
 [1. 1. 1. 0. 0. 0. 1. 0. 1. 0.]
 [1. 1. 0. 0. 0. 0. 0. 1. 1. 1.]
 [1. 1. 0. 0. 0. 0. 0. 1. 1. 1.]
 [0. 0. 1. 1. 0. 0. 0. 1. 1. 1.]
 [0. 0. 1. 0. 1. 1. 1. 0. 0. 1.]
 [0. 0. 0. 1. 1. 1. 1. 0. 0. 1.]
 [0. 0. 0. 0. 1. 1. 1. 1. 1. 0.]]"
Graph no. 106,"[[0. 1. 1. 1. 1. 1. 0. 0. 0. 0.]
 [1. 0. 1. 1. 1. 1. 0. 0. 0. 0.]
 [1. 1. 0. 1. 0. 0. 1. 1. 0. 0.]
 [1. 1. 1. 0. 0. 0. 0. 0. 1. 1.]
 [1. 1. 0. 0. 0. 1. 1. 0. 1. 0.]
 [1. 1. 0. 0. 1. 0. 0. 1. 0. 1.]
 [0. 0. 1. 0. 1. 0. 0. 1. 1. 1.]
 [0. 0. 1. 0. 0. 1. 1. 0. 1. 1.]
 [0. 0. 0. 1. 1. 0. 1. 1. 0. 1.]
 [0. 0. 0. 1. 0. 1. 1. 1. 1. 0.]]","[[0 1 0 4]
 [1 0 0 4]
 [0 0 3 2]
 [1 1 2 1]]","[[1 0 0 4]
 [0 1 2 2]
 [0 2 1 2]
 [2 1 1 1]]","[[1 0 2 2]
 [0 1 2 2]
 [2 2 1 0]
 [1 1 0 3]]","[[1 0 4]
 [0 3 2]
 [2 2 1]]"
Graph no. 107,"[[0. 1. 1. 1. 1. 1. 0. 0. 0. 0.]
 [1. 0. 1. 1. 1. 1. 0. 0. 0. 0.]
 [1. 1. 0. 1. 0. 0. 1. 1. 0. 0.]
 [1. 1. 1. 0. 0. 0. 0. 0. 1. 1.]
 [1. 1. 0. 0. 0. 0. 1. 1. 1. 0.]
 [1. 1. 0. 0. 0. 0. 1. 1. 0. 1.]
 [0. 0. 1. 0. 1. 1. 0. 0. 1. 1.]
 [0. 0. 1. 0. 1. 1. 0. 0. 1. 1.]
 [0. 0. 0. 1. 1. 0. 1. 1. 0. 1.]
 [0. 0. 0. 1. 0. 1. 1. 1. 1. 0.]]","[[1 4]
 [1 4]]"
Graph no. 108,"[[0. 1. 1. 1. 1. 1. 0. 0. 0. 0.]
 [1. 0. 1. 1. 1. 1. 0. 0. 0. 0.]
 [1. 1. 0. 1. 0. 0. 1. 1. 0. 0.]
 [1. 1. 1. 0. 0. 0. 0. 0. 1. 1.]
 [1. 1. 0. 0. 0. 0. 1. 1. 1. 0.]
 [1. 1. 0. 0. 0. 0. 1. 0. 1. 1.]
 [0. 0. 1. 0. 1. 1. 0. 1. 0. 1.]
 [0. 0. 1. 0. 1. 0. 1. 0. 1. 1.]
 [0. 0. 0. 1. 1. 1. 0. 1. 0. 1.]
 [0. 0. 0. 1. 0. 1. 1. 1. 1. 0.]]","[[2 3]
 [3 2]]"
Graph no. 109,"[[0. 1. 1. 1. 1. 1. 0. 0. 0. 0.]
 [1. 0. 1. 1. 1. 1. 0. 0. 0. 0.]
 [1. 1. 0. 0. 0. 0. 1. 1. 1. 0.]
 [1. 1. 0. 0. 0. 0. 1. 1. 1. 0.]
 [1. 1. 0. 0. 0. 0. 1. 1. 0. 1.]
 [1. 1. 0. 0. 0. 0. 1. 0. 1. 1.]
 [0. 0. 1. 1. 1. 1. 0. 0. 0. 1.]
 [0. 0. 1. 1. 1. 0. 0. 0. 1. 1.]
 [0. 0. 1. 1. 0. 1. 0. 1. 0. 1.]
 [0. 0. 0. 0. 1. 1. 1. 1. 1. 0.]]","[[1 4]
 [1 4]]"
Graph no. 110,"[[0. 1. 1. 1. 1. 1. 0. 0. 0. 0.]
 [1. 0. 1. 1. 1. 1. 0. 0. 0. 0.]
 [1. 1. 0. 0. 0. 0. 1. 1. 1. 0.]
 [1. 1. 0. 0. 0. 0. 1. 1. 0. 1.]
 [1. 1. 0. 0. 0. 0. 1. 0. 1. 1.]
 [1. 1. 0. 0. 0. 0. 0. 1. 1. 1.]
 [0. 0. 1. 1. 1. 0. 0. 1. 1. 0.]
 [0. 0. 1. 1. 0. 1. 1. 0. 0. 1.]
 [0. 0. 1. 0. 1. 1. 1. 0. 0. 1.]
 [0. 0. 0. 1. 1. 1. 0. 1. 1. 0.]]","[[0 1 0 4]
 [1 0 0 4]
 [0 0 2 3]
 [1 1 3 0]]","[[1 0 4]
 [0 2 3]
 [2 3 0]]","[[2 3]
 [3 2]]"
Graph no. 111,"[[0. 1. 1. 1. 1. 1. 0. 0. 0. 0.]
 [1. 0. 1. 1. 1. 0. 1. 0. 0. 0.]
 [1. 1. 0. 1. 1. 0. 0. 1. 0. 0.]
 [1. 1. 1. 0. 1. 0. 0. 0. 1. 0.]
 [1. 1. 1. 1. 0. 0. 0. 0. 0. 1.]
 [1. 0. 0. 0. 0. 0. 1. 1. 1. 1.]
 [0. 1. 0. 0. 0. 1. 0. 1. 1. 1.]
 [0. 0. 1. 0. 0. 1. 1. 0. 1. 1.]
 [0. 0. 0. 1. 0. 1. 1. 1. 0. 1.]
 [0. 0. 0. 0. 1. 1. 1. 1. 1. 0.]]","[[0 1 0 4]
 [1 0 4 0]
 [0 1 3 1]
 [1 0 1 3]]","[[0 1 2 2]
 [1 1 1 2]
 [2 1 0 2]
 [1 1 1 2]]","[[1 1 0 3]
 [1 1 3 0]
 [0 2 2 1]
 [2 0 1 2]]","[[1 1 1 2]
 [1 1 1 2]
 [1 1 1 2]
 [1 1 1 2]]","[[0 2 3]
 [2 0 3]
 [1 1 3]]","[[1 1 3]
 [1 1 3]
 [1 1 3]]","[[1 2 2]
 [1 1 3]
 [1 3 1]]","[[1 2 2]
 [1 2 2]
 [1 2 2]]","[[1 4]
 [1 4]]","[[2 3]
 [2 3]]","[[4 1]
 [1 4]]"
Graph no. 112,"[[0. 1. 1. 1. 1. 1. 0. 0. 0. 0.]
 [1. 0. 1. 1. 1. 0. 1. 0. 0. 0.]
 [1. 1. 0. 1. 1. 0. 0. 1. 0. 0.]
 [1. 1. 1. 0. 0. 1. 0. 0. 1. 0.]
 [1. 1. 1. 0. 0. 0. 1. 0. 0. 1.]
 [1. 0. 0. 1. 0. 0. 0. 1. 1. 1.]
 [0. 1. 0. 0. 1. 0. 0. 1. 1. 1.]
 [0. 0. 1. 0. 0. 1. 1. 0. 1. 1.]
 [0. 0. 0. 1. 0. 1. 1. 1. 0. 1.]
 [0. 0. 0. 0. 1. 1. 1. 1. 1. 0.]]","[[0 1 2 2]
 [1 1 1 2]
 [2 1 0 2]
 [1 1 1 2]]","[[0 2 3]
 [2 0 3]
 [1 1 3]]","[[1 2 2]
 [1 1 3]
 [1 3 1]]","[[1 2 2]
 [1 2 2]
 [1 2 2]]","[[1 4]
 [1 4]]","[[2 3]
 [2 3]]","[[2 3]
 [3 2]]"
Graph no. 113,"[[0. 1. 1. 1. 1. 1. 0. 0. 0. 0.]
 [1. 0. 1. 1. 1. 0. 1. 0. 0. 0.]
 [1. 1. 0. 1. 1. 0. 0. 1. 0. 0.]
 [1. 1. 1. 0. 0. 1. 0. 0. 1. 0.]
 [1. 1. 1. 0. 0. 0. 0. 0. 1. 1.]
 [1. 0. 0. 1. 0. 0. 1. 1. 0. 1.]
 [0. 1. 0. 0. 0. 1. 0. 1. 1. 1.]
 [0. 0. 1. 0. 0. 1. 1. 0. 1. 1.]
 [0. 0. 0. 1. 1. 0. 1. 1. 0. 1.]
 [0. 0. 0. 0. 1. 1. 1. 1. 1. 0.]]","[[0 1 2 2]
 [1 1 1 2]
 [2 1 0 2]
 [1 1 1 2]]","[[1 1 1 2]
 [1 1 1 2]
 [1 1 1 2]
 [1 1 1 2]]","[[0 2 3]
 [2 0 3]
 [1 1 3]]","[[1 1 3]
 [1 1 3]
 [1 1 3]]","[[1 2 2]
 [1 1 3]
 [1 3 1]]","[[1 2 2]
 [1 2 2]
 [1 2 2]]","[[1 4]
 [1 4]]","[[2 3]
 [2 3]]"
Graph no. 114,"[[0. 1. 1. 1. 1. 1. 0. 0. 0. 0.]
 [1. 0. 1. 1. 1. 0. 1. 0. 0. 0.]
 [1. 1. 0. 1. 1. 0. 0. 1. 0. 0.]
 [1. 1. 1. 0. 0. 0. 0. 0. 1. 1.]
 [1. 1. 1. 0. 0. 0. 0. 0. 1. 1.]
 [1. 0. 0. 0. 0. 0. 1. 1. 1. 1.]
 [0. 1. 0. 0. 0. 1. 0. 1. 1. 1.]
 [0. 0. 1. 0. 0. 1. 1. 0. 1. 1.]
 [0. 0. 0. 1. 1. 1. 1. 1. 0. 0.]
 [0. 0. 0. 1. 1. 1. 1. 1. 0. 0.]]","[[0 1 2 2]
 [1 1 1 2]
 [2 1 0 2]
 [1 1 1 2]]","[[0 2 0 3]
 [2 0 3 0]
 [0 2 2 1]
 [2 0 1 2]]","[[1 1 1 2]
 [1 1 1 2]
 [1 1 1 2]
 [1 1 1 2]]","[[0 2 3]
 [2 0 3]
 [1 1 3]]","[[1 1 3]
 [1 1 3]
 [1 1 3]]","[[1 2 2]
 [1 2 2]
 [1 2 2]]","[[1 4]
 [1 4]]","[[2 3]
 [2 3]]"
Graph no. 115,"[[0. 1. 1. 1. 1. 1. 0. 0. 0. 0.]
 [1. 0. 1. 1. 1. 0. 1. 0. 0. 0.]
 [1. 1. 0. 1. 0. 1. 1. 0. 0. 0.]
 [1. 1. 1. 0. 0. 0. 0. 1. 1. 0.]
 [1. 1. 0. 0. 0. 1. 0. 1. 0. 1.]
 [1. 0. 1. 0. 1. 0. 0. 0. 1. 1.]
 [0. 1. 1. 0. 0. 0. 0. 1. 1. 1.]
 [0. 0. 0. 1. 1. 0. 1. 0. 1. 1.]
 [0. 0. 0. 1. 0. 1. 1. 1. 0. 1.]
 [0. 0. 0. 0. 1. 1. 1. 1. 1. 0.]]","[[0 0 1 4]
 [0 1 2 2]
 [1 2 0 2]
 [2 1 1 1]]"
Graph no. 116,"[[0. 1. 1. 1. 1. 1. 0. 0. 0. 0.]
 [1. 0. 1. 1. 1. 0. 1. 0. 0. 0.]
 [1. 1. 0. 1. 0. 1. 1. 0. 0. 0.]
 [1. 1. 1. 0. 0. 0. 0. 1. 1. 0.]
 [1. 1. 0. 0. 0. 0. 0. 1. 1. 1.]
 [1. 0. 1. 0. 0. 0. 0. 1. 1. 1.]
 [0. 1. 1. 0. 0. 0. 0. 1. 1. 1.]
 [0. 0. 0. 1. 1. 1. 1. 0. 0. 1.]
 [0. 0. 0. 1. 1. 1. 1. 0. 0. 1.]
 [0. 0. 0. 0. 1. 1. 1. 1. 1. 0.]]","[[1 4]
 [1 4]]"
Graph no. 117,"[[0. 1. 1. 1. 1. 1. 0. 0. 0. 0.]
 [1. 0. 1. 1. 1. 0. 1. 0. 0. 0.]
 [1. 1. 0. 1. 0. 1. 0. 1. 0. 0.]
 [1. 1. 1. 0. 0. 0. 1. 0. 1. 0.]
 [1. 1. 0. 0. 0. 1. 0. 1. 0. 1.]
 [1. 0. 1. 0. 1. 0. 0. 0. 1. 1.]
 [0. 1. 0. 1. 0. 0. 0. 1. 1. 1.]
 [0. 0. 1. 0. 1. 0. 1. 0. 1. 1.]
 [0. 0. 0. 1. 0. 1. 1. 1. 0. 1.]
 [0. 0. 0. 0. 1. 1. 1. 1. 1. 0.]]","[[1 2 2]
 [1 1 3]
 [1 3 1]]","[[1 4]
 [1 4]]","[[2 3]
 [3 2]]"
Graph no. 118,"[[0. 1. 1. 1. 1. 1. 0. 0. 0. 0.]
 [1. 0. 1. 1. 1. 0. 1. 0. 0. 0.]
 [1. 1. 0. 1. 0. 1. 0. 1. 0. 0.]
 [1. 1. 1. 0. 0. 0. 1. 0. 1. 0.]
 [1. 1. 0. 0. 0. 1. 0. 0. 1. 1.]
 [1. 0. 1. 0. 1. 0. 0. 1. 0. 1.]
 [0. 1. 0. 1. 0. 0. 0. 1. 1. 1.]
 [0. 0. 1. 0. 0. 1. 1. 0. 1. 1.]
 [0. 0. 0. 1. 1. 0. 1. 1. 0. 1.]
 [0. 0. 0. 0. 1. 1. 1. 1. 1. 0.]]","[[2 3]
 [3 2]]"
Graph no. 119,"[[0. 1. 1. 1. 1. 1. 0. 0. 0. 0.]
 [1. 0. 1. 1. 1. 0. 1. 0. 0. 0.]
 [1. 1. 0. 1. 0. 1. 0. 1. 0. 0.]
 [1. 1. 1. 0. 0. 0. 1. 0. 1. 0.]
 [1. 1. 0. 0. 0. 0. 0. 1. 1. 1.]
 [1. 0. 1. 0. 0. 0. 1. 1. 0. 1.]
 [0. 1. 0. 1. 0. 1. 0. 0. 1. 1.]
 [0. 0. 1. 0. 1. 1. 0. 0. 1. 1.]
 [0. 0. 0. 1. 1. 0. 1. 1. 0. 1.]
 [0. 0. 0. 0. 1. 1. 1. 1. 1. 0.]]","[[0 2 3]
 [2 0 3]
 [1 1 3]]","[[2 3]
 [2 3]]"
Graph no. 120,"[[0. 1. 1. 1. 1. 1. 0. 0. 0. 0.]
 [1. 0. 1. 1. 1. 0. 1. 0. 0. 0.]
 [1. 1. 0. 1. 0. 1. 0. 1. 0. 0.]
 [1. 1. 1. 0. 0. 0. 1. 0. 1. 0.]
 [1. 1. 0. 0. 0. 0. 0. 1. 1. 1.]
 [1. 0. 1. 0. 0. 0. 1. 0. 1. 1.]
 [0. 1. 0. 1. 0. 1. 0. 1. 0. 1.]
 [0. 0. 1. 0. 1. 0. 1. 0. 1. 1.]
 [0. 0. 0. 1. 1. 1. 0. 1. 0. 1.]
 [0. 0. 0. 0. 1. 1. 1. 1. 1. 0.]]","[[1 1 3]
 [1 1 3]
 [1 1 3]]","[[1 4]
 [1 4]]","[[2 3]
 [2 3]]"
Graph no. 121,"[[0. 1. 1. 1. 1. 1. 0. 0. 0. 0.]
 [1. 0. 1. 1. 1. 0. 1. 0. 0. 0.]
 [1. 1. 0. 1. 0. 1. 0. 1. 0. 0.]
 [1. 1. 1. 0. 0. 0. 1. 0. 1. 0.]
 [1. 1. 0. 0. 0. 0. 0. 1. 1. 1.]
 [1. 0. 1. 0. 0. 0. 0. 1. 1. 1.]
 [0. 1. 0. 1. 0. 0. 0. 1. 1. 1.]
 [0. 0. 1. 0. 1. 1. 1. 0. 0. 1.]
 [0. 0. 0. 1. 1. 1. 1. 0. 0. 1.]
 [0. 0. 0. 0. 1. 1. 1. 1. 1. 0.]]","[[2 3]
 [3 2]]"
Graph no. 122,"[[0. 1. 1. 1. 1. 1. 0. 0. 0. 0.]
 [1. 0. 1. 1. 1. 0. 1. 0. 0. 0.]
 [1. 1. 0. 1. 0. 1. 0. 1. 0. 0.]
 [1. 1. 1. 0. 0. 0. 0. 0. 1. 1.]
 [1. 1. 0. 0. 0. 0. 1. 1. 1. 0.]
 [1. 0. 1. 0. 0. 0. 1. 1. 0. 1.]
 [0. 1. 0. 0. 1. 1. 0. 0. 1. 1.]
 [0. 0. 1. 0. 1. 1. 0. 0. 1. 1.]
 [0. 0. 0. 1. 1. 0. 1. 1. 0. 1.]
 [0. 0. 0. 1. 0. 1. 1. 1. 1. 0.]]"
Graph no. 123,"[[0. 1. 1. 1. 1. 1. 0. 0. 0. 0.]
 [1. 0. 1. 1. 1. 0. 1. 0. 0. 0.]
 [1. 1. 0. 1. 0. 1. 0. 1. 0. 0.]
 [1. 1. 1. 0. 0. 0. 0. 0. 1. 1.]
 [1. 1. 0. 0. 0. 0. 1. 1. 1. 0.]
 [1. 0. 1. 0. 0. 0. 1. 0. 1. 1.]
 [0. 1. 0. 0. 1. 1. 0. 1. 0. 1.]
 [0. 0. 1. 0. 1. 0. 1. 0. 1. 1.]
 [0. 0. 0. 1. 1. 1. 0. 1. 0. 1.]
 [0. 0. 0. 1. 0. 1. 1. 1. 1. 0.]]","[[0 1 2 2]
 [1 1 1 2]
 [2 1 0 2]
 [1 1 1 2]]","[[0 2 3]
 [2 0 3]
 [1 1 3]]","[[1 2 2]
 [1 2 2]
 [1 2 2]]","[[1 4]
 [1 4]]","[[2 3]
 [2 3]]"
Graph no. 124,"[[0. 1. 1. 1. 1. 1. 0. 0. 0. 0.]
 [1. 0. 1. 1. 1. 0. 1. 0. 0. 0.]
 [1. 1. 0. 1. 0. 1. 0. 1. 0. 0.]
 [1. 1. 1. 0. 0. 0. 0. 0. 1. 1.]
 [1. 1. 0. 0. 0. 0. 1. 1. 1. 0.]
 [1. 0. 1. 0. 0. 0. 0. 1. 1. 1.]
 [0. 1. 0. 0. 1. 0. 0. 1. 1. 1.]
 [0. 0. 1. 0. 1. 1. 1. 0. 0. 1.]
 [0. 0. 0. 1. 1. 1. 1. 0. 0. 1.]
 [0. 0. 0. 1. 0. 1. 1. 1. 1. 0.]]","[[2 3]
 [2 3]]","[[2 3]
 [3 2]]"
Graph no. 125,"[[0. 1. 1. 1. 1. 1. 0. 0. 0. 0.]
 [1. 0. 1. 1. 1. 0. 1. 0. 0. 0.]
 [1. 1. 0. 1. 0. 1. 0. 1. 0. 0.]
 [1. 1. 1. 0. 0. 0. 0. 0. 1. 1.]
 [1. 1. 0. 0. 0. 0. 1. 0. 1. 1.]
 [1. 0. 1. 0. 0. 0. 0. 1. 1. 1.]
 [0. 1. 0. 0. 1. 0. 0. 1. 1. 1.]
 [0. 0. 1. 0. 0. 1. 1. 0. 1. 1.]
 [0. 0. 0. 1. 1. 1. 1. 1. 0. 0.]
 [0. 0. 0. 1. 1. 1. 1. 1. 0. 0.]]","[[0 1 2 2]
 [1 1 1 2]
 [2 1 0 2]
 [1 1 1 2]]","[[0 2 3]
 [2 0 3]
 [1 1 3]]","[[1 2 2]
 [1 2 2]
 [1 2 2]]","[[1 4]
 [1 4]]","[[2 3]
 [2 3]]"
Graph no. 126,"[[0. 1. 1. 1. 1. 1. 0. 0. 0. 0.]
 [1. 0. 1. 1. 1. 0. 1. 0. 0. 0.]
 [1. 1. 0. 1. 0. 1. 0. 1. 0. 0.]
 [1. 1. 1. 0. 0. 0. 0. 0. 1. 1.]
 [1. 1. 0. 0. 0. 0. 0. 1. 1. 1.]
 [1. 0. 1. 0. 0. 0. 1. 0. 1. 1.]
 [0. 1. 0. 0. 0. 1. 0. 1. 1. 1.]
 [0. 0. 1. 0. 1. 0. 1. 0. 1. 1.]
 [0. 0. 0. 1. 1. 1. 1. 1. 0. 0.]
 [0. 0. 0. 1. 1. 1. 1. 1. 0. 0.]]","[[1 1 1 2]
 [1 1 1 2]
 [1 1 1 2]
 [1 1 1 2]]","[[1 1 3]
 [1 1 3]
 [1 1 3]]","[[1 2 2]
 [1 2 2]
 [1 2 2]]","[[1 4]
 [1 4]]","[[2 3]
 [2 3]]"
Graph no. 127,"[[0. 1. 1. 1. 1. 1. 0. 0. 0. 0.]
 [1. 0. 1. 1. 1. 0. 1. 0. 0. 0.]
 [1. 1. 0. 1. 0. 0. 0. 1. 1. 0.]
 [1. 1. 1. 0. 0. 0. 0. 1. 0. 1.]
 [1. 1. 0. 0. 0. 1. 1. 1. 0. 0.]
 [1. 0. 0. 0. 1. 0. 1. 0. 1. 1.]
 [0. 1. 0. 0. 1. 1. 0. 0. 1. 1.]
 [0. 0. 1. 1. 1. 0. 0. 0. 1. 1.]
 [0. 0. 1. 0. 0. 1. 1. 1. 0. 1.]
 [0. 0. 0. 1. 0. 1. 1. 1. 1. 0.]]","[[0 1 0 4]
 [1 0 4 0]
 [0 1 2 2]
 [1 0 2 2]]","[[0 1 2 2]
 [1 1 1 2]
 [2 1 0 2]
 [1 1 1 2]]","[[0 2 3]
 [2 0 3]
 [1 1 3]]","[[1 2 2]
 [1 1 3]
 [1 3 1]]","[[1 2 2]
 [1 2 2]
 [1 2 2]]","[[1 2 2]
 [1 3 1]
 [1 1 3]]","[[1 4]
 [1 4]]","[[2 3]
 [2 3]]"
Graph no. 128,"[[0. 1. 1. 1. 1. 1. 0. 0. 0. 0.]
 [1. 0. 1. 1. 1. 0. 1. 0. 0. 0.]
 [1. 1. 0. 1. 0. 0. 0. 1. 1. 0.]
 [1. 1. 1. 0. 0. 0. 0. 1. 0. 1.]
 [1. 1. 0. 0. 0. 1. 1. 0. 1. 0.]
 [1. 0. 0. 0. 1. 0. 1. 1. 0. 1.]
 [0. 1. 0. 0. 1. 1. 0. 0. 1. 1.]
 [0. 0. 1. 1. 0. 1. 0. 0. 1. 1.]
 [0. 0. 1. 0. 1. 0. 1. 1. 0. 1.]
 [0. 0. 0. 1. 0. 1. 1. 1. 1. 0.]]","[[0 2 3]
 [2 0 3]
 [1 1 3]]","[[2 3]
 [2 3]]","[[2 3]
 [3 2]]"
Graph no. 129,"[[0. 1. 1. 1. 1. 1. 0. 0. 0. 0.]
 [1. 0. 1. 1. 1. 0. 1. 0. 0. 0.]
 [1. 1. 0. 1. 0. 0. 0. 1. 1. 0.]
 [1. 1. 1. 0. 0. 0. 0. 1. 0. 1.]
 [1. 1. 0. 0. 0. 1. 1. 0. 1. 0.]
 [1. 0. 0. 0. 1. 0. 0. 1. 1. 1.]
 [0. 1. 0. 0. 1. 0. 0. 1. 1. 1.]
 [0. 0. 1. 1. 0. 1. 1. 0. 0. 1.]
 [0. 0. 1. 0. 1. 1. 1. 0. 0. 1.]
 [0. 0. 0. 1. 0. 1. 1. 1. 1. 0.]]","[[1 4]
 [1 4]]"
Graph no. 130,"[[0. 1. 1. 1. 1. 1. 0. 0. 0. 0.]
 [1. 0. 1. 1. 1. 0. 1. 0. 0. 0.]
 [1. 1. 0. 1. 0. 0. 0. 1. 1. 0.]
 [1. 1. 1. 0. 0. 0. 0. 1. 0. 1.]
 [1. 1. 0. 0. 0. 1. 0. 1. 1. 0.]
 [1. 0. 0. 0. 1. 0. 1. 0. 1. 1.]
 [0. 1. 0. 0. 0. 1. 0. 1. 1. 1.]
 [0. 0. 1. 1. 1. 0. 1. 0. 0. 1.]
 [0. 0. 1. 0. 1. 1. 1. 0. 0. 1.]
 [0. 0. 0. 1. 0. 1. 1. 1. 1. 0.]]","[[0 1 2 2]
 [1 1 1 2]
 [2 1 0 2]
 [1 1 1 2]]","[[1 1 1 2]
 [1 1 1 2]
 [1 1 1 2]
 [1 1 1 2]]","[[0 2 3]
 [2 0 3]
 [1 1 3]]","[[1 1 3]
 [1 1 3]
 [1 1 3]]","[[1 2 2]
 [1 1 3]
 [1 3 1]]","[[1 2 2]
 [1 2 2]
 [1 2 2]]","[[1 2 2]
 [1 3 1]
 [1 1 3]]","[[1 4]
 [1 4]]","[[2 3]
 [2 3]]","[[2 3]
 [3 2]]"
Graph no. 131,"[[0. 1. 1. 1. 1. 1. 0. 0. 0. 0.]
 [1. 0. 1. 1. 1. 0. 1. 0. 0. 0.]
 [1. 1. 0. 1. 0. 0. 0. 1. 1. 0.]
 [1. 1. 1. 0. 0. 0. 0. 1. 0. 1.]
 [1. 1. 0. 0. 0. 1. 0. 0. 1. 1.]
 [1. 0. 0. 0. 1. 0. 1. 1. 1. 0.]
 [0. 1. 0. 0. 0. 1. 0. 1. 1. 1.]
 [0. 0. 1. 1. 0. 1. 1. 0. 0. 1.]
 [0. 0. 1. 0. 1. 1. 1. 0. 0. 1.]
 [0. 0. 0. 1. 1. 0. 1. 1. 1. 0.]]","[[1 1 3]
 [1 1 3]
 [1 1 3]]","[[1 4]
 [1 4]]","[[2 3]
 [2 3]]"
Graph no. 132,"[[0. 1. 1. 1. 1. 1. 0. 0. 0. 0.]
 [1. 0. 1. 1. 1. 0. 1. 0. 0. 0.]
 [1. 1. 0. 1. 0. 0. 0. 1. 1. 0.]
 [1. 1. 1. 0. 0. 0. 0. 1. 0. 1.]
 [1. 1. 0. 0. 0. 0. 0. 1. 1. 1.]
 [1. 0. 0. 0. 0. 0. 1. 1. 1. 1.]
 [0. 1. 0. 0. 0. 1. 0. 1. 1. 1.]
 [0. 0. 1. 1. 1. 1. 1. 0. 0. 0.]
 [0. 0. 1. 0. 1. 1. 1. 0. 0. 1.]
 [0. 0. 0. 1. 1. 1. 1. 0. 1. 0.]]","[[0 1 0 4]
 [1 0 4 0]
 [0 1 1 3]
 [1 0 3 1]]","[[0 1 2 2]
 [1 1 1 2]
 [2 1 0 2]
 [1 1 1 2]]","[[1 1 1 2]
 [1 1 1 2]
 [1 1 1 2]
 [1 1 1 2]]","[[0 2 3]
 [2 0 3]
 [1 1 3]]","[[1 1 3]
 [1 1 3]
 [1 1 3]]","[[1 2 2]
 [1 1 3]
 [1 3 1]]","[[1 2 2]
 [1 2 2]
 [1 2 2]]","[[1 2 2]
 [1 3 1]
 [1 1 3]]","[[1 4]
 [1 4]]","[[2 3]
 [2 3]]"
Graph no. 133,"[[0. 1. 1. 1. 1. 1. 0. 0. 0. 0.]
 [1. 0. 1. 1. 1. 0. 1. 0. 0. 0.]
 [1. 1. 0. 0. 0. 1. 1. 1. 0. 0.]
 [1. 1. 0. 0. 0. 1. 0. 1. 1. 0.]
 [1. 1. 0. 0. 0. 0. 1. 1. 0. 1.]
 [1. 0. 1. 1. 0. 0. 0. 0. 1. 1.]
 [0. 1. 1. 0. 1. 0. 0. 0. 1. 1.]
 [0. 0. 1. 1. 1. 0. 0. 0. 1. 1.]
 [0. 0. 0. 1. 0. 1. 1. 1. 0. 1.]
 [0. 0. 0. 0. 1. 1. 1. 1. 1. 0.]]","[[0 1 2 2]
 [1 1 1 2]
 [2 1 0 2]
 [1 1 1 2]]","[[0 2 3]
 [2 0 3]
 [1 1 3]]","[[1 2 2]
 [1 1 3]
 [1 3 1]]","[[1 2 2]
 [1 2 2]
 [1 2 2]]","[[1 4]
 [1 4]]","[[2 3]
 [2 3]]"
Graph no. 134,"[[0. 1. 1. 1. 1. 1. 0. 0. 0. 0.]
 [1. 0. 1. 1. 1. 0. 1. 0. 0. 0.]
 [1. 1. 0. 0. 0. 1. 1. 1. 0. 0.]
 [1. 1. 0. 0. 0. 1. 0. 1. 1. 0.]
 [1. 1. 0. 0. 0. 0. 1. 0. 1. 1.]
 [1. 0. 1. 1. 0. 0. 0. 0. 1. 1.]
 [0. 1. 1. 0. 1. 0. 0. 1. 0. 1.]
 [0. 0. 1. 1. 0. 0. 1. 0. 1. 1.]
 [0. 0. 0. 1. 1. 1. 0. 1. 0. 1.]
 [0. 0. 0. 0. 1. 1. 1. 1. 1. 0.]]","[[2 3]
 [3 2]]"
Graph no. 135,"[[0. 1. 1. 1. 1. 1. 0. 0. 0. 0.]
 [1. 0. 1. 1. 1. 0. 1. 0. 0. 0.]
 [1. 1. 0. 0. 0. 1. 1. 1. 0. 0.]
 [1. 1. 0. 0. 0. 1. 0. 1. 1. 0.]
 [1. 1. 0. 0. 0. 0. 0. 1. 1. 1.]
 [1. 0. 1. 1. 0. 0. 0. 0. 1. 1.]
 [0. 1. 1. 0. 0. 0. 0. 1. 1. 1.]
 [0. 0. 1. 1. 1. 0. 1. 0. 0. 1.]
 [0. 0. 0. 1. 1. 1. 1. 0. 0. 1.]
 [0. 0. 0. 0. 1. 1. 1. 1. 1. 0.]]","[[1 4]
 [1 4]]","[[2 3]
 [2 3]]"
Graph no. 136,"[[0. 1. 1. 1. 1. 1. 0. 0. 0. 0.]
 [1. 0. 1. 1. 1. 0. 1. 0. 0. 0.]
 [1. 1. 0. 0. 0. 1. 1. 1. 0. 0.]
 [1. 1. 0. 0. 0. 1. 0. 0. 1. 1.]
 [1. 1. 0. 0. 0. 0. 1. 0. 1. 1.]
 [1. 0. 1. 1. 0. 0. 0. 1. 1. 0.]
 [0. 1. 1. 0. 1. 0. 0. 1. 0. 1.]
 [0. 0. 1. 0. 0. 1. 1. 0. 1. 1.]
 [0. 0. 0. 1. 1. 1. 0. 1. 0. 1.]
 [0. 0. 0. 1. 1. 0. 1. 1. 1. 0.]]","[[0 0 1 4]
 [0 1 2 2]
 [1 2 0 2]
 [2 1 1 1]]"
Graph no. 137,"[[0. 1. 1. 1. 1. 1. 0. 0. 0. 0.]
 [1. 0. 1. 1. 1. 0. 1. 0. 0. 0.]
 [1. 1. 0. 0. 0. 1. 1. 1. 0. 0.]
 [1. 1. 0. 0. 0. 1. 0. 0. 1. 1.]
 [1. 1. 0. 0. 0. 0. 0. 1. 1. 1.]
 [1. 0. 1. 1. 0. 0. 0. 1. 1. 0.]
 [0. 1. 1. 0. 0. 0. 0. 1. 1. 1.]
 [0. 0. 1. 0. 1. 1. 1. 0. 0. 1.]
 [0. 0. 0. 1. 1. 1. 1. 0. 0. 1.]
 [0. 0. 0. 1. 1. 0. 1. 1. 1. 0.]]"
Graph no. 138,"[[0. 1. 1. 1. 1. 1. 0. 0. 0. 0.]
 [1. 0. 1. 1. 1. 0. 1. 0. 0. 0.]
 [1. 1. 0. 0. 0. 1. 1. 1. 0. 0.]
 [1. 1. 0. 0. 0. 1. 0. 0. 1. 1.]
 [1. 1. 0. 0. 0. 0. 0. 1. 1. 1.]
 [1. 0. 1. 1. 0. 0. 0. 0. 1. 1.]
 [0. 1. 1. 0. 0. 0. 0. 1. 1. 1.]
 [0. 0. 1. 0. 1. 0. 1. 0. 1. 1.]
 [0. 0. 0. 1. 1. 1. 1. 1. 0. 0.]
 [0. 0. 0. 1. 1. 1. 1. 1. 0. 0.]]","[[2 3]
 [2 3]]"
Graph no. 139,"[[0. 1. 1. 1. 1. 1. 0. 0. 0. 0.]
 [1. 0. 1. 1. 1. 0. 1. 0. 0. 0.]
 [1. 1. 0. 0. 0. 1. 1. 1. 0. 0.]
 [1. 1. 0. 0. 0. 0. 0. 1. 1. 1.]
 [1. 1. 0. 0. 0. 0. 0. 1. 1. 1.]
 [1. 0. 1. 0. 0. 0. 1. 0. 1. 1.]
 [0. 1. 1. 0. 0. 1. 0. 0. 1. 1.]
 [0. 0. 1. 1. 1. 0. 0. 0. 1. 1.]
 [0. 0. 0. 1. 1. 1. 1. 1. 0. 0.]
 [0. 0. 0. 1. 1. 1. 1. 1. 0. 0.]]","[[0 1 0 4]
 [1 0 4 0]
 [0 1 2 2]
 [1 0 2 2]]","[[1 2 2]
 [1 2 2]
 [1 2 2]]","[[1 4]
 [1 4]]","[[2 3]
 [2 3]]"
Graph no. 140,"[[0. 1. 1. 1. 1. 1. 0. 0. 0. 0.]
 [1. 0. 1. 1. 1. 0. 1. 0. 0. 0.]
 [1. 1. 0. 0. 0. 1. 0. 1. 1. 0.]
 [1. 1. 0. 0. 0. 1. 0. 1. 1. 0.]
 [1. 1. 0. 0. 0. 0. 0. 1. 1. 1.]
 [1. 0. 1. 1. 0. 0. 1. 0. 0. 1.]
 [0. 1. 0. 0. 0. 1. 0. 1. 1. 1.]
 [0. 0. 1. 1. 1. 0. 1. 0. 0. 1.]
 [0. 0. 1. 1. 1. 0. 1. 0. 0. 1.]
 [0. 0. 0. 0. 1. 1. 1. 1. 1. 0.]]","[[0 1 2 2]
 [1 1 1 2]
 [2 1 0 2]
 [1 1 1 2]]","[[1 1 1 2]
 [1 1 1 2]
 [1 1 1 2]
 [1 1 1 2]]","[[0 2 3]
 [2 0 3]
 [1 1 3]]","[[1 1 3]
 [1 1 3]
 [1 1 3]]","[[1 2 2]
 [1 2 2]
 [1 2 2]]","[[1 4]
 [1 4]]","[[2 3]
 [2 3]]"
Graph no. 141,"[[0. 1. 1. 1. 1. 1. 0. 0. 0. 0.]
 [1. 0. 1. 1. 1. 0. 1. 0. 0. 0.]
 [1. 1. 0. 0. 0. 1. 0. 1. 1. 0.]
 [1. 1. 0. 0. 0. 1. 0. 1. 0. 1.]
 [1. 1. 0. 0. 0. 0. 1. 1. 1. 0.]
 [1. 0. 1. 1. 0. 0. 0. 0. 1. 1.]
 [0. 1. 0. 0. 1. 0. 0. 1. 1. 1.]
 [0. 0. 1. 1. 1. 0. 1. 0. 0. 1.]
 [0. 0. 1. 0. 1. 1. 1. 0. 0. 1.]
 [0. 0. 0. 1. 0. 1. 1. 1. 1. 0.]]","[[1 2 2]
 [1 1 3]
 [1 3 1]]","[[1 4]
 [1 4]]"
Graph no. 142,"[[0. 1. 1. 1. 1. 1. 0. 0. 0. 0.]
 [1. 0. 1. 1. 1. 0. 1. 0. 0. 0.]
 [1. 1. 0. 0. 0. 1. 0. 1. 1. 0.]
 [1. 1. 0. 0. 0. 1. 0. 1. 0. 1.]
 [1. 1. 0. 0. 0. 0. 1. 0. 1. 1.]
 [1. 0. 1. 1. 0. 0. 0. 0. 1. 1.]
 [0. 1. 0. 0. 1. 0. 0. 1. 1. 1.]
 [0. 0. 1. 1. 0. 0. 1. 0. 1. 1.]
 [0. 0. 1. 0. 1. 1. 1. 1. 0. 0.]
 [0. 0. 0. 1. 1. 1. 1. 1. 0. 0.]]","[[0 0 1 4]
 [0 1 2 2]
 [1 2 0 2]
 [2 1 1 1]]","[[2 3]
 [3 2]]"
Graph no. 143,"[[0. 1. 1. 1. 1. 1. 0. 0. 0. 0.]
 [1. 0. 1. 1. 1. 0. 1. 0. 0. 0.]
 [1. 1. 0. 0. 0. 1. 0. 1. 1. 0.]
 [1. 1. 0. 0. 0. 1. 0. 1. 0. 1.]
 [1. 1. 0. 0. 0. 0. 0. 1. 1. 1.]
 [1. 0. 1. 1. 0. 0. 1. 0. 1. 0.]
 [0. 1. 0. 0. 0. 1. 0. 1. 1. 1.]
 [0. 0. 1. 1. 1. 0. 1. 0. 0. 1.]
 [0. 0. 1. 0. 1. 1. 1. 0. 0. 1.]
 [0. 0. 0. 1. 1. 0. 1. 1. 1. 0.]]","[[1 1 3]
 [1 1 3]
 [1 1 3]]","[[1 4]
 [1 4]]","[[2 3]
 [2 3]]","[[2 3]
 [3 2]]"
Graph no. 144,"[[0. 1. 1. 1. 1. 1. 0. 0. 0. 0.]
 [1. 0. 1. 1. 1. 0. 1. 0. 0. 0.]
 [1. 1. 0. 0. 0. 1. 0. 1. 1. 0.]
 [1. 1. 0. 0. 0. 0. 1. 1. 1. 0.]
 [1. 1. 0. 0. 0. 0. 0. 1. 1. 1.]
 [1. 0. 1. 0. 0. 0. 1. 1. 0. 1.]
 [0. 1. 0. 1. 0. 1. 0. 0. 1. 1.]
 [0. 0. 1. 1. 1. 1. 0. 0. 0. 1.]
 [0. 0. 1. 1. 1. 0. 1. 0. 0. 1.]
 [0. 0. 0. 0. 1. 1. 1. 1. 1. 0.]]","[[1 1 3]
 [1 1 3]
 [1 1 3]]","[[1 4]
 [1 4]]","[[2 3]
 [2 3]]"
Graph no. 145,"[[0. 1. 1. 1. 1. 1. 0. 0. 0. 0.]
 [1. 0. 1. 1. 1. 0. 1. 0. 0. 0.]
 [1. 1. 0. 0. 0. 1. 0. 1. 1. 0.]
 [1. 1. 0. 0. 0. 0. 1. 1. 0. 1.]
 [1. 1. 0. 0. 0. 0. 0. 1. 1. 1.]
 [1. 0. 1. 0. 0. 0. 1. 1. 1. 0.]
 [0. 1. 0. 1. 0. 1. 0. 0. 1. 1.]
 [0. 0. 1. 1. 1. 1. 0. 0. 0. 1.]
 [0. 0. 1. 0. 1. 1. 1. 0. 0. 1.]
 [0. 0. 0. 1. 1. 0. 1. 1. 1. 0.]]","[[2 3]
 [3 2]]"
Graph no. 146,"[[0. 1. 1. 1. 1. 1. 0. 0. 0. 0.]
 [1. 0. 1. 1. 1. 0. 1. 0. 0. 0.]
 [1. 1. 0. 0. 0. 1. 0. 1. 1. 0.]
 [1. 1. 0. 0. 0. 0. 1. 1. 0. 1.]
 [1. 1. 0. 0. 0. 0. 0. 1. 1. 1.]
 [1. 0. 1. 0. 0. 0. 1. 1. 0. 1.]
 [0. 1. 0. 1. 0. 1. 0. 0. 1. 1.]
 [0. 0. 1. 1. 1. 1. 0. 0. 1. 0.]
 [0. 0. 1. 0. 1. 0. 1. 1. 0. 1.]
 [0. 0. 0. 1. 1. 1. 1. 0. 1. 0.]]","[[1 2 2]
 [1 2 2]
 [1 2 2]]","[[1 4]
 [1 4]]","[[2 3]
 [2 3]]","[[2 3]
 [3 2]]"
Graph no. 147,"[[0. 1. 1. 1. 1. 1. 0. 0. 0. 0.]
 [1. 0. 1. 1. 1. 0. 1. 0. 0. 0.]
 [1. 1. 0. 0. 0. 1. 0. 1. 1. 0.]
 [1. 1. 0. 0. 0. 0. 1. 1. 0. 1.]
 [1. 1. 0. 0. 0. 0. 0. 1. 1. 1.]
 [1. 0. 1. 0. 0. 0. 1. 0. 1. 1.]
 [0. 1. 0. 1. 0. 1. 0. 0. 1. 1.]
 [0. 0. 1. 1. 1. 0. 0. 0. 1. 1.]
 [0. 0. 1. 0. 1. 1. 1. 1. 0. 0.]
 [0. 0. 0. 1. 1. 1. 1. 1. 0. 0.]]","[[2 3]
 [2 3]]"
Graph no. 148,"[[0. 1. 1. 1. 1. 1. 0. 0. 0. 0.]
 [1. 0. 1. 1. 1. 0. 1. 0. 0. 0.]
 [1. 1. 0. 0. 0. 1. 0. 1. 1. 0.]
 [1. 1. 0. 0. 0. 0. 1. 1. 0. 1.]
 [1. 1. 0. 0. 0. 0. 0. 1. 1. 1.]
 [1. 0. 1. 0. 0. 0. 0. 1. 1. 1.]
 [0. 1. 0. 1. 0. 0. 0. 1. 1. 1.]
 [0. 0. 1. 1. 1. 1. 1. 0. 0. 0.]
 [0. 0. 1. 0. 1. 1. 1. 0. 0. 1.]
 [0. 0. 0. 1. 1. 1. 1. 0. 1. 0.]]","[[0 1 0 4]
 [1 0 4 0]
 [0 1 1 3]
 [1 0 3 1]]","[[1 2 2]
 [1 1 3]
 [1 3 1]]","[[1 2 2]
 [1 2 2]
 [1 2 2]]","[[1 4]
 [1 4]]","[[2 3]
 [2 3]]"
Graph no. 149,"[[0. 1. 1. 1. 1. 1. 0. 0. 0. 0.]
 [1. 0. 1. 1. 1. 0. 1. 0. 0. 0.]
 [1. 1. 0. 0. 0. 1. 0. 1. 1. 0.]
 [1. 1. 0. 0. 0. 0. 0. 1. 1. 1.]
 [1. 1. 0. 0. 0. 0. 0. 1. 1. 1.]
 [1. 0. 1. 0. 0. 0. 1. 1. 0. 1.]
 [0. 1. 0. 0. 0. 1. 0. 1. 1. 1.]
 [0. 0. 1. 1. 1. 1. 1. 0. 0. 0.]
 [0. 0. 1. 1. 1. 0. 1. 0. 0. 1.]
 [0. 0. 0. 1. 1. 1. 1. 0. 1. 0.]]","[[1 1 1 2]
 [1 1 1 2]
 [1 1 1 2]
 [1 1 1 2]]","[[1 1 3]
 [1 1 3]
 [1 1 3]]","[[1 2 2]
 [1 2 2]
 [1 2 2]]","[[1 4]
 [1 4]]","[[2 3]
 [2 3]]"
Graph no. 150,"[[0. 1. 1. 1. 1. 1. 0. 0. 0. 0.]
 [1. 0. 1. 1. 1. 0. 1. 0. 0. 0.]
 [1. 1. 0. 0. 0. 0. 0. 1. 1. 1.]
 [1. 1. 0. 0. 0. 0. 0. 1. 1. 1.]
 [1. 1. 0. 0. 0. 0. 0. 1. 1. 1.]
 [1. 0. 0. 0. 0. 0. 1. 1. 1. 1.]
 [0. 1. 0. 0. 0. 1. 0. 1. 1. 1.]
 [0. 0. 1. 1. 1. 1. 1. 0. 0. 0.]
 [0. 0. 1. 1. 1. 1. 1. 0. 0. 0.]
 [0. 0. 1. 1. 1. 1. 1. 0. 0. 0.]]","[[0 1 2 2]
 [1 1 1 2]
 [2 1 0 2]
 [1 1 1 2]]","[[1 1 0 3]
 [1 1 3 0]
 [0 2 0 3]
 [2 0 3 0]]","[[1 1 1 2]
 [1 1 1 2]
 [1 1 1 2]
 [1 1 1 2]]","[[0 2 3]
 [2 0 3]
 [1 1 3]]","[[1 1 3]
 [1 1 3]
 [1 1 3]]","[[1 2 2]
 [1 2 2]
 [1 2 2]]","[[1 4]
 [1 4]]","[[2 3]
 [2 3]]"
Graph no. 151,"[[0. 1. 1. 1. 1. 1. 0. 0. 0. 0.]
 [1. 0. 1. 1. 0. 0. 1. 1. 0. 0.]
 [1. 1. 0. 0. 1. 0. 1. 0. 1. 0.]
 [1. 1. 0. 0. 1. 0. 0. 1. 0. 1.]
 [1. 0. 1. 1. 0. 0. 0. 0. 1. 1.]
 [1. 0. 0. 0. 0. 0. 1. 1. 1. 1.]
 [0. 1. 1. 0. 0. 1. 0. 1. 1. 0.]
 [0. 1. 0. 1. 0. 1. 1. 0. 0. 1.]
 [0. 0. 1. 0. 1. 1. 1. 0. 0. 1.]
 [0. 0. 0. 1. 1. 1. 0. 1. 1. 0.]]","[[0 1 0 4]
 [1 0 4 0]
 [0 1 2 2]
 [1 0 2 2]]","[[1 2 2]
 [1 1 3]
 [1 3 1]]","[[1 4]
 [1 4]]"
Graph no. 152,"[[0. 1. 1. 1. 1. 1. 0. 0. 0. 0.]
 [1. 0. 1. 1. 0. 0. 1. 1. 0. 0.]
 [1. 1. 0. 0. 1. 0. 1. 0. 1. 0.]
 [1. 1. 0. 0. 1. 0. 0. 1. 0. 1.]
 [1. 0. 1. 1. 0. 0. 0. 0. 1. 1.]
 [1. 0. 0. 0. 0. 0. 1. 1. 1. 1.]
 [0. 1. 1. 0. 0. 1. 0. 1. 0. 1.]
 [0. 1. 0. 1. 0. 1. 1. 0. 1. 0.]
 [0. 0. 1. 0. 1. 1. 0. 1. 0. 1.]
 [0. 0. 0. 1. 1. 1. 1. 0. 1. 0.]]","[[0 1 0 4]
 [1 0 4 0]
 [0 1 2 2]
 [1 0 2 2]]","[[1 4]
 [1 4]]"
Graph no. 153,"[[0. 1. 1. 1. 1. 1. 0. 0. 0. 0.]
 [1. 0. 1. 1. 0. 0. 1. 1. 0. 0.]
 [1. 1. 0. 0. 1. 0. 1. 0. 1. 0.]
 [1. 1. 0. 0. 1. 0. 0. 0. 1. 1.]
 [1. 0. 1. 1. 0. 0. 0. 1. 0. 1.]
 [1. 0. 0. 0. 0. 0. 1. 1. 1. 1.]
 [0. 1. 1. 0. 0. 1. 0. 1. 0. 1.]
 [0. 1. 0. 0. 1. 1. 1. 0. 1. 0.]
 [0. 0. 1. 1. 0. 1. 0. 1. 0. 1.]
 [0. 0. 0. 1. 1. 1. 1. 0. 1. 0.]]","[[0 1 0 4]
 [1 0 4 0]
 [0 1 2 2]
 [1 0 2 2]]","[[0 1 2 2]
 [1 1 1 2]
 [2 1 0 2]
 [1 1 1 2]]","[[1 1 1 2]
 [1 1 1 2]
 [1 1 1 2]
 [1 1 1 2]]","[[0 2 3]
 [2 0 3]
 [1 1 3]]","[[1 1 3]
 [1 1 3]
 [1 1 3]]","[[1 2 2]
 [1 2 2]
 [1 2 2]]","[[1 4]
 [1 4]]","[[2 3]
 [2 3]]"
Graph no. 154,"[[0. 1. 1. 1. 1. 1. 0. 0. 0. 0.]
 [1. 0. 1. 1. 0. 0. 1. 1. 0. 0.]
 [1. 1. 0. 0. 1. 0. 1. 0. 1. 0.]
 [1. 1. 0. 0. 0. 1. 0. 1. 1. 0.]
 [1. 0. 1. 0. 0. 1. 0. 1. 0. 1.]
 [1. 0. 0. 1. 1. 0. 1. 0. 0. 1.]
 [0. 1. 1. 0. 0. 1. 0. 0. 1. 1.]
 [0. 1. 0. 1. 1. 0. 0. 0. 1. 1.]
 [0. 0. 1. 1. 0. 0. 1. 1. 0. 1.]
 [0. 0. 0. 0. 1. 1. 1. 1. 1. 0.]]","[[0 0 1 4]
 [0 1 2 2]
 [1 2 0 2]
 [2 1 1 1]]"
Graph no. 155,"[[0. 1. 1. 1. 1. 1. 0. 0. 0. 0.]
 [1. 0. 1. 1. 0. 0. 1. 1. 0. 0.]
 [1. 1. 0. 0. 1. 0. 1. 0. 1. 0.]
 [1. 1. 0. 0. 0. 1. 0. 1. 1. 0.]
 [1. 0. 1. 0. 0. 1. 0. 1. 0. 1.]
 [1. 0. 0. 1. 1. 0. 0. 0. 1. 1.]
 [0. 1. 1. 0. 0. 0. 0. 1. 1. 1.]
 [0. 1. 0. 1. 1. 0. 1. 0. 0. 1.]
 [0. 0. 1. 1. 0. 1. 1. 0. 0. 1.]
 [0. 0. 0. 0. 1. 1. 1. 1. 1. 0.]]","[[2 3]
 [3 2]]"
Graph no. 156,"[[0. 1. 1. 1. 1. 1. 0. 0. 0. 0.]
 [1. 0. 1. 1. 0. 0. 1. 1. 0. 0.]
 [1. 1. 0. 0. 1. 0. 0. 0. 1. 1.]
 [1. 1. 0. 0. 1. 0. 0. 0. 1. 1.]
 [1. 0. 1. 1. 0. 0. 1. 1. 0. 0.]
 [1. 0. 0. 0. 0. 0. 1. 1. 1. 1.]
 [0. 1. 0. 0. 1. 1. 0. 0. 1. 1.]
 [0. 1. 0. 0. 1. 1. 0. 0. 1. 1.]
 [0. 0. 1. 1. 0. 1. 1. 1. 0. 0.]
 [0. 0. 1. 1. 0. 1. 1. 1. 0. 0.]]","[[0 0 1 4]
 [0 0 1 4]
 [1 1 1 2]
 [2 2 1 0]]","[[0 1 0 4]
 [1 0 4 0]
 [0 1 2 2]
 [1 0 2 2]]","[[1 1 1 2]
 [1 1 1 2]
 [1 1 1 2]
 [1 1 1 2]]","[[1 1 3]
 [1 1 3]
 [1 1 3]]","[[1 2 2]
 [1 0 4]
 [1 4 0]]","[[1 2 2]
 [1 2 2]
 [1 2 2]]","[[1 4]
 [1 4]]","[[2 3]
 [2 3]]"
Graph no. 157,"[[0. 1. 1. 1. 1. 1. 0. 0. 0. 0.]
 [1. 0. 1. 1. 0. 0. 1. 1. 0. 0.]
 [1. 1. 0. 0. 1. 0. 0. 0. 1. 1.]
 [1. 1. 0. 0. 0. 0. 1. 0. 1. 1.]
 [1. 0. 1. 0. 0. 0. 1. 1. 1. 0.]
 [1. 0. 0. 0. 0. 0. 1. 1. 1. 1.]
 [0. 1. 0. 1. 1. 1. 0. 0. 0. 1.]
 [0. 1. 0. 0. 1. 1. 0. 0. 1. 1.]
 [0. 0. 1. 1. 1. 1. 0. 1. 0. 0.]
 [0. 0. 1. 1. 0. 1. 1. 1. 0. 0.]]","[[1 1 1 2]
 [1 1 1 2]
 [1 1 1 2]
 [1 1 1 2]]","[[1 1 3]
 [1 1 3]
 [1 1 3]]","[[1 2 2]
 [1 2 2]
 [1 2 2]]","[[1 4]
 [1 4]]","[[2 3]
 [2 3]]","[[2 3]
 [3 2]]"
Graph no. 158,"[[0. 1. 1. 1. 1. 1. 0. 0. 0. 0.]
 [1. 0. 0. 0. 0. 0. 1. 1. 1. 1.]
 [1. 0. 0. 0. 0. 0. 1. 1. 1. 1.]
 [1. 0. 0. 0. 0. 0. 1. 1. 1. 1.]
 [1. 0. 0. 0. 0. 0. 1. 1. 1. 1.]
 [1. 0. 0. 0. 0. 0. 1. 1. 1. 1.]
 [0. 1. 1. 1. 1. 1. 0. 0. 0. 0.]
 [0. 1. 1. 1. 1. 1. 0. 0. 0. 0.]
 [0. 1. 1. 1. 1. 1. 0. 0. 0. 0.]
 [0. 1. 1. 1. 1. 1. 0. 0. 0. 0.]]","[[0 0 0 5]
 [0 0 0 5]
 [0 0 0 5]
 [1 1 3 0]]","[[0 0 0 5]
 [0 0 0 5]
 [0 0 0 5]
 [1 2 2 0]]","[[0 1 0 4]
 [1 0 4 0]
 [0 1 0 4]
 [1 0 4 0]]","[[0 2 0 3]
 [2 0 3 0]
 [0 2 0 3]
 [2 0 3 0]]","[[0 2 3 0]
 [1 0 0 4]
 [1 0 0 4]
 [0 2 3 0]]","[[1 1 1 2]
 [1 1 1 2]
 [1 1 1 2]
 [1 1 1 2]]","[[0 0 5]
 [0 0 5]
 [1 4 0]]","[[0 0 5]
 [0 0 5]
 [2 3 0]]","[[1 1 3]
 [1 1 3]
 [1 1 3]]","[[1 2 2]
 [1 2 2]
 [1 2 2]]","[[0 5]
 [5 0]]","[[1 4]
 [1 4]]","[[2 3]
 [2 3]]"
Graph no. 159,"[[0. 1. 1. 1. 0. 0.]
 [1. 0. 1. 0. 1. 0.]
 [1. 1. 0. 0. 0. 1.]
 [1. 0. 0. 0. 1. 1.]
 [0. 1. 0. 1. 0. 1.]
 [0. 0. 1. 1. 1. 0.]]","[[0 1 0 2]
 [1 0 2 0]
 [0 1 1 1]
 [1 0 1 1]]","[[0 1 2]
 [1 1 1]
 [2 1 0]]","[[1 1 1]
 [1 1 1]
 [1 1 1]]","[[1 2]
 [1 2]]","[[2 1]
 [1 2]]"
Graph no. 160,"[[0. 1. 1. 1. 0. 0.]
 [1. 0. 0. 0. 1. 1.]
 [1. 0. 0. 0. 1. 1.]
 [1. 0. 0. 0. 1. 1.]
 [0. 1. 1. 1. 0. 0.]
 [0. 1. 1. 1. 0. 0.]]","[[0 0 0 3]
 [0 0 0 3]
 [0 0 0 3]
 [1 1 1 0]]","[[0 1 0 2]
 [1 0 2 0]
 [0 1 0 2]
 [1 0 2 0]]","[[0 0 3]
 [0 0 3]
 [1 2 0]]","[[1 1 1]
 [1 1 1]
 [1 1 1]]","[[0 3]
 [3 0]]","[[1 2]
 [1 2]]"
Graph no. 161,"[[0. 1. 1. 1. 1. 0. 0. 0. 0.]
 [1. 0. 1. 1. 1. 0. 0. 0. 0.]
 [1. 1. 0. 1. 0. 1. 0. 0. 0.]
 [1. 1. 1. 0. 0. 0. 1. 0. 0.]
 [1. 1. 0. 0. 0. 0. 0. 1. 1.]
 [0. 0. 1. 0. 0. 0. 1. 1. 1.]
 [0. 0. 0. 1. 0. 1. 0. 1. 1.]
 [0. 0. 0. 0. 1. 1. 1. 0. 1.]
 [0. 0. 0. 0. 1. 1. 1. 1. 0.]]","[[0 0 0 4]
 [0 0 2 2]
 [0 2 0 2]
 [1 1 1 1]]","[[0 0 0 4]
 [0 1 1 2]
 [0 1 1 2]
 [1 1 1 1]]","[[0 2 2 0]
 [1 0 1 2]
 [1 1 0 2]
 [0 1 1 2]]","[[0 0 4]
 [0 2 2]
 [1 2 1]]","[[0 4]
 [2 2]]"
Graph no. 162,"[[0. 1. 1. 1. 1. 0. 0. 0. 0.]
 [1. 0. 1. 1. 1. 0. 0. 0. 0.]
 [1. 1. 0. 0. 0. 1. 1. 0. 0.]
 [1. 1. 0. 0. 0. 1. 1. 0. 0.]
 [1. 1. 0. 0. 0. 0. 0. 1. 1.]
 [0. 0. 1. 1. 0. 0. 0. 1. 1.]
 [0. 0. 1. 1. 0. 0. 0. 1. 1.]
 [0. 0. 0. 0. 1. 1. 1. 0. 1.]
 [0. 0. 0. 0. 1. 1. 1. 1. 0.]]","[[0 0 0 4]
 [0 1 1 2]
 [0 1 1 2]
 [1 1 1 1]]","[[0 2 2 0]
 [1 0 1 2]
 [1 1 0 2]
 [0 1 1 2]]","[[0 0 4]
 [0 2 2]
 [1 2 1]]"
Graph no. 163,"[[0. 1. 1. 1. 1. 0. 0. 0. 0.]
 [1. 0. 1. 1. 1. 0. 0. 0. 0.]
 [1. 1. 0. 0. 0. 1. 1. 0. 0.]
 [1. 1. 0. 0. 0. 1. 0. 1. 0.]
 [1. 1. 0. 0. 0. 0. 1. 0. 1.]
 [0. 0. 1. 1. 0. 0. 0. 1. 1.]
 [0. 0. 1. 0. 1. 0. 0. 1. 1.]
 [0. 0. 0. 1. 0. 1. 1. 0. 1.]
 [0. 0. 0. 0. 1. 1. 1. 1. 0.]]"
Graph no. 164,"[[0. 1. 1. 1. 1. 0. 0. 0. 0.]
 [1. 0. 1. 1. 0. 1. 0. 0. 0.]
 [1. 1. 0. 1. 0. 0. 1. 0. 0.]
 [1. 1. 1. 0. 0. 0. 0. 1. 0.]
 [1. 0. 0. 0. 0. 1. 1. 0. 1.]
 [0. 1. 0. 0. 1. 0. 0. 1. 1.]
 [0. 0. 1. 0. 1. 0. 0. 1. 1.]
 [0. 0. 0. 1. 0. 1. 1. 0. 1.]
 [0. 0. 0. 0. 1. 1. 1. 1. 0.]]","[[0 0 4]
 [0 3 1]
 [1 1 2]]"
Graph no. 165,"[[0. 1. 1. 1. 1. 0. 0. 0. 0.]
 [1. 0. 1. 1. 0. 1. 0. 0. 0.]
 [1. 1. 0. 0. 1. 1. 0. 0. 0.]
 [1. 1. 0. 0. 0. 0. 1. 1. 0.]
 [1. 0. 1. 0. 0. 0. 1. 0. 1.]
 [0. 1. 1. 0. 0. 0. 0. 1. 1.]
 [0. 0. 0. 1. 1. 0. 0. 1. 1.]
 [0. 0. 0. 1. 0. 1. 1. 0. 1.]
 [0. 0. 0. 0. 1. 1. 1. 1. 0.]]","[[0 0 0 4]
 [0 0 2 2]
 [0 2 0 2]
 [1 1 1 1]]","[[0 2 2 0]
 [1 0 1 2]
 [1 1 0 2]
 [0 1 1 2]]","[[0 0 4]
 [0 2 2]
 [1 2 1]]","[[0 2 2]
 [2 0 2]
 [2 2 0]]","[[0 2 2]
 [2 2 0]
 [2 0 2]]","[[0 4]
 [2 2]]"
Graph no. 166,"[[0. 1. 1. 1. 1. 0. 0. 0. 0.]
 [1. 0. 1. 1. 0. 1. 0. 0. 0.]
 [1. 1. 0. 0. 1. 0. 1. 0. 0.]
 [1. 1. 0. 0. 0. 1. 0. 1. 0.]
 [1. 0. 1. 0. 0. 0. 1. 0. 1.]
 [0. 1. 0. 1. 0. 0. 0. 1. 1.]
 [0. 0. 1. 0. 1. 0. 0. 1. 1.]
 [0. 0. 0. 1. 0. 1. 1. 0. 1.]
 [0. 0. 0. 0. 1. 1. 1. 1. 0.]]","[[0 2 2]
 [2 0 2]
 [2 2 0]]","[[0 4]
 [2 2]]"
Graph no. 167,"[[0. 1. 1. 1. 1. 0. 0. 0. 0.]
 [1. 0. 1. 1. 0. 1. 0. 0. 0.]
 [1. 1. 0. 0. 1. 0. 1. 0. 0.]
 [1. 1. 0. 0. 0. 1. 0. 1. 0.]
 [1. 0. 1. 0. 0. 0. 0. 1. 1.]
 [0. 1. 0. 1. 0. 0. 1. 0. 1.]
 [0. 0. 1. 0. 0. 1. 0. 1. 1.]
 [0. 0. 0. 1. 1. 0. 1. 0. 1.]
 [0. 0. 0. 0. 1. 1. 1. 1. 0.]]","[[0 4]
 [2 2]]"
Graph no. 168,"[[0. 1. 1. 1. 1. 0. 0. 0. 0.]
 [1. 0. 1. 1. 0. 1. 0. 0. 0.]
 [1. 1. 0. 0. 1. 0. 1. 0. 0.]
 [1. 1. 0. 0. 0. 0. 1. 1. 0.]
 [1. 0. 1. 0. 0. 0. 0. 1. 1.]
 [0. 1. 0. 0. 0. 0. 1. 1. 1.]
 [0. 0. 1. 1. 0. 1. 0. 0. 1.]
 [0. 0. 0. 1. 1. 1. 0. 0. 1.]
 [0. 0. 0. 0. 1. 1. 1. 1. 0.]]","[[0 0 0 4]
 [0 1 1 2]
 [0 1 1 2]
 [1 1 1 1]]","[[0 2 2 0]
 [1 0 1 2]
 [1 1 0 2]
 [0 1 1 2]]","[[0 0 4]
 [0 2 2]
 [1 2 1]]"
Graph no. 169,"[[0. 1. 1. 1. 1. 0. 0. 0. 0.]
 [1. 0. 1. 1. 0. 1. 0. 0. 0.]
 [1. 1. 0. 0. 1. 0. 1. 0. 0.]
 [1. 1. 0. 0. 0. 0. 0. 1. 1.]
 [1. 0. 1. 0. 0. 0. 0. 1. 1.]
 [0. 1. 0. 0. 0. 0. 1. 1. 1.]
 [0. 0. 1. 0. 0. 1. 0. 1. 1.]
 [0. 0. 0. 1. 1. 1. 1. 0. 0.]
 [0. 0. 0. 1. 1. 1. 1. 0. 0.]]"
Graph no. 170,"[[0. 1. 1. 1. 1. 0. 0. 0. 0.]
 [1. 0. 1. 1. 0. 1. 0. 0. 0.]
 [1. 1. 0. 0. 0. 0. 1. 1. 0.]
 [1. 1. 0. 0. 0. 0. 1. 0. 1.]
 [1. 0. 0. 0. 0. 1. 1. 1. 0.]
 [0. 1. 0. 0. 1. 0. 0. 1. 1.]
 [0. 0. 1. 1. 1. 0. 0. 0. 1.]
 [0. 0. 1. 0. 1. 1. 0. 0. 1.]
 [0. 0. 0. 1. 0. 1. 1. 1. 0.]]","[[2 2]
 [1 3]]"
Graph no. 171,"[[0. 1. 1. 1. 1. 0. 0. 0. 0.]
 [1. 0. 1. 1. 0. 1. 0. 0. 0.]
 [1. 1. 0. 0. 0. 0. 1. 1. 0.]
 [1. 1. 0. 0. 0. 0. 1. 0. 1.]
 [1. 0. 0. 0. 0. 1. 0. 1. 1.]
 [0. 1. 0. 0. 1. 0. 0. 1. 1.]
 [0. 0. 1. 1. 0. 0. 0. 1. 1.]
 [0. 0. 1. 0. 1. 1. 1. 0. 0.]
 [0. 0. 0. 1. 1. 1. 1. 0. 0.]]","[[0 0 0 4]
 [0 0 2 2]
 [0 2 0 2]
 [1 1 1 1]]","[[0 0 0 4]
 [0 1 1 2]
 [0 1 1 2]
 [1 1 1 1]]","[[0 2 2 0]
 [1 0 1 2]
 [1 1 0 2]
 [0 1 1 2]]","[[0 2 2 0]
 [1 1 0 2]
 [1 0 1 2]
 [0 1 1 2]]","[[0 0 4]
 [0 2 2]
 [1 2 1]]","[[0 4]
 [2 2]]","[[2 2]
 [1 3]]"
Graph no. 172,"[[0. 1. 1. 1. 1. 0. 0. 0. 0.]
 [1. 0. 1. 1. 0. 1. 0. 0. 0.]
 [1. 1. 0. 0. 0. 0. 1. 1. 0.]
 [1. 1. 0. 0. 0. 0. 1. 0. 1.]
 [1. 0. 0. 0. 0. 0. 1. 1. 1.]
 [0. 1. 0. 0. 0. 0. 1. 1. 1.]
 [0. 0. 1. 1. 1. 1. 0. 0. 0.]
 [0. 0. 1. 0. 1. 1. 0. 0. 1.]
 [0. 0. 0. 1. 1. 1. 0. 1. 0.]]","[[0 0 4]
 [0 1 3]
 [1 3 0]]"
Graph no. 173,"[[0. 1. 1. 1. 1. 0. 0. 0. 0.]
 [1. 0. 1. 0. 0. 1. 1. 0. 0.]
 [1. 1. 0. 0. 0. 0. 0. 1. 1.]
 [1. 0. 0. 0. 1. 1. 1. 0. 0.]
 [1. 0. 0. 1. 0. 0. 0. 1. 1.]
 [0. 1. 0. 1. 0. 0. 0. 1. 1.]
 [0. 1. 0. 1. 0. 0. 0. 1. 1.]
 [0. 0. 1. 0. 1. 1. 1. 0. 0.]
 [0. 0. 1. 0. 1. 1. 1. 0. 0.]]","[[0 0 0 4]
 [0 1 1 2]
 [0 1 1 2]
 [1 1 1 1]]","[[0 2 2 0]
 [1 0 1 2]
 [1 1 0 2]
 [0 1 1 2]]","[[0 2 2 0]
 [1 1 0 2]
 [1 0 1 2]
 [0 1 1 2]]","[[0 0 4]
 [0 2 2]
 [1 2 1]]","[[2 2]
 [1 3]]"
Graph no. 174,"[[0. 1. 1. 1. 1. 0. 0. 0. 0.]
 [1. 0. 1. 0. 0. 1. 1. 0. 0.]
 [1. 1. 0. 0. 0. 0. 0. 1. 1.]
 [1. 0. 0. 0. 1. 1. 0. 1. 0.]
 [1. 0. 0. 1. 0. 0. 1. 0. 1.]
 [0. 1. 0. 1. 0. 0. 1. 1. 0.]
 [0. 1. 0. 0. 1. 1. 0. 0. 1.]
 [0. 0. 1. 1. 0. 1. 0. 0. 1.]
 [0. 0. 1. 0. 1. 0. 1. 1. 0.]]","[[0 0 0 4]
 [0 0 2 2]
 [0 2 0 2]
 [1 1 1 1]]","[[0 2 2 0]
 [1 1 0 2]
 [1 0 1 2]
 [0 1 1 2]]","[[0 0 4]
 [0 2 2]
 [1 2 1]]","[[0 2 2]
 [2 0 2]
 [2 2 0]]","[[2 1 1]
 [1 2 1]
 [1 1 2]]","[[0 4]
 [2 2]]","[[2 2]
 [1 3]]"
Graph no. 175,"[[0. 1. 1. 1. 1. 0. 0. 0. 0.]
 [1. 0. 1. 0. 0. 1. 1. 0. 0.]
 [1. 1. 0. 0. 0. 0. 0. 1. 1.]
 [1. 0. 0. 0. 1. 1. 0. 1. 0.]
 [1. 0. 0. 1. 0. 0. 1. 0. 1.]
 [0. 1. 0. 1. 0. 0. 1. 0. 1.]
 [0. 1. 0. 0. 1. 1. 0. 1. 0.]
 [0. 0. 1. 1. 0. 0. 1. 0. 1.]
 [0. 0. 1. 0. 1. 1. 0. 1. 0.]]","[[0 0 0 4]
 [0 1 1 2]
 [0 1 1 2]
 [1 1 1 1]]","[[0 2 2 0]
 [1 1 0 2]
 [1 0 1 2]
 [0 1 1 2]]","[[0 0 4]
 [0 2 2]
 [1 2 1]]","[[0 1 3]
 [1 2 1]
 [3 1 0]]","[[2 1 1]
 [1 2 1]
 [1 1 2]]","[[2 2]
 [1 3]]"
Graph no. 176,"[[0. 1. 1. 1. 1. 0. 0. 0. 0.]
 [1. 0. 1. 0. 0. 1. 1. 0. 0.]
 [1. 1. 0. 0. 0. 0. 0. 1. 1.]
 [1. 0. 0. 0. 0. 1. 1. 1. 0.]
 [1. 0. 0. 0. 0. 1. 0. 1. 1.]
 [0. 1. 0. 1. 1. 0. 0. 0. 1.]
 [0. 1. 0. 1. 0. 0. 0. 1. 1.]
 [0. 0. 1. 1. 1. 0. 1. 0. 0.]
 [0. 0. 1. 0. 1. 1. 1. 0. 0.]]","[[2 1 1]
 [1 2 1]
 [1 1 2]]","[[2 2]
 [1 3]]"
